"date","count","size"
"2015-09-28 00:00:00",49,114817507558
"2015-09-29 00:00:00",296,955094219579
"2015-09-30 00:00:00",260,925443833351
"2015-10-01 00:00:00",240,848688598845
"2015-10-02 00:00:00",144,615165037482
"2015-10-03 00:00:00",109,598751090741
"2015-10-04 00:00:00",72,666408885677
"2015-10-05 00:00:00",96,911579775384
"2015-10-06 00:00:00",62,267396490879
"2015-10-07 00:00:00",82,1658492514953
"2015-10-08 00:00:00",97,455658524603
"2015-10-09 00:00:00",91,563587261132
"2015-10-10 00:00:00",127,770300644750
"2015-10-11 00:00:00",54,389410919966
"2015-10-12 00:00:00",74,340087245713
"2015-10-13 00:00:00",96,560816902141
"2015-10-14 00:00:00",118,929265854314
"2015-10-15 00:00:00",139,845449691145
"2015-10-16 00:00:00",112,756751648642
"2015-10-17 00:00:00",74,507180233469
"2015-10-18 00:00:00",80,651172690320
"2015-10-19 00:00:00",145,664889233510
"2015-10-20 00:00:00",122,789998374677
"2015-10-21 00:00:00",47,232874637439
"2015-10-22 00:00:00",154,895559011249
"2015-10-23 00:00:00",128,736370727008
"2015-10-24 00:00:00",70,780391899901
"2015-10-25 00:00:00",62,377047476988
"2015-10-26 00:00:00",83,594903127623
"2015-10-27 00:00:00",105,599540914423
"2015-10-28 00:00:00",63,249252580645
"2015-10-29 00:00:00",108,345367815203
"2015-10-30 00:00:00",39,160162672954
"2015-10-31 00:00:00",92,323837722683
"2015-11-01 00:00:00",106,560387909838
"2015-11-02 00:00:00",81,285216171075
"2015-11-03 00:00:00",122,810673211379
"2015-11-04 00:00:00",114,490088831524
"2015-11-05 00:00:00",54,311293937525
"2015-11-06 00:00:00",46,226274680024
"2015-11-07 00:00:00",84,746660834638
"2015-11-08 00:00:00",34,142716250309
"2015-11-09 00:00:00",49,589283194848
"2015-11-10 00:00:00",50,425710577908
"2015-11-11 00:00:00",55,367753829986
"2015-11-12 00:00:00",76,382780472308
"2015-11-13 00:00:00",104,398701542037
"2015-11-14 00:00:00",87,247910829602
"2015-11-15 00:00:00",60,436560363088
"2015-11-16 00:00:00",61,436584983656
"2015-11-17 00:00:00",80,503346848627
"2015-11-18 00:00:00",67,186591192618
"2015-11-19 00:00:00",39,126546477027
"2015-11-20 00:00:00",62,659989790447
"2015-11-21 00:00:00",31,60589241618
"2015-11-22 00:00:00",70,214256789693
"2015-11-23 00:00:00",51,300294991443
"2015-11-24 00:00:00",86,332784193182
"2015-11-25 00:00:00",103,968170517801
"2015-11-26 00:00:00",74,593962309030
"2015-11-27 00:00:00",68,991927961694
"2015-11-28 00:00:00",85,277371855106
"2015-11-29 00:00:00",70,771326222503
"2015-11-30 00:00:00",578,537039910728
"2015-12-01 00:00:00",100,534380860742
"2015-12-02 00:00:00",104,679986778188
"2015-12-03 00:00:00",77,320925682394
"2015-12-04 00:00:00",72,343503900040
"2015-12-05 00:00:00",218,735517837855
"2015-12-06 00:00:00",50,464000889595
"2015-12-07 00:00:00",208,784983279235
"2015-12-08 00:00:00",33,482839457347
"2015-12-09 00:00:00",118,903908293963
"2015-12-10 00:00:00",99,542355555689
"2015-12-11 00:00:00",61,802710160428
"2015-12-12 00:00:00",42,163300930237
"2015-12-13 00:00:00",71,419966447649
"2015-12-14 00:00:00",58,392025164467
"2015-12-15 00:00:00",70,472168470152
"2015-12-16 00:00:00",81,332856605832
"2015-12-17 00:00:00",66,585821461434
"2015-12-18 00:00:00",71,653457994399
"2015-12-19 00:00:00",68,333748543280
"2015-12-20 00:00:00",48,860034377851
"2015-12-21 00:00:00",301,511332917733
"2015-12-22 00:00:00",57,395881031691
"2015-12-23 00:00:00",80,591080845176
"2015-12-24 00:00:00",44,638969693617
"2015-12-25 00:00:00",31,639398943499
"2015-12-26 00:00:00",51,181634102752
"2015-12-27 00:00:00",34,97333751330
"2015-12-28 00:00:00",138,538452578752
"2015-12-29 00:00:00",83,768497775482
"2015-12-30 00:00:00",83,636826022069
"2015-12-31 00:00:00",45,499290336034
"2016-01-01 00:00:00",73,259345544483
"2016-01-02 00:00:00",76,264381528796
"2016-01-03 00:00:00",42,157357610430
"2016-01-04 00:00:00",53,1192573304317
"2016-01-05 00:00:00",85,343747762948
"2016-01-06 00:00:00",104,601476628188
"2016-01-07 00:00:00",28,109071906876
"2016-01-08 00:00:00",33,251505223552
"2016-01-09 00:00:00",94,546551262033
"2016-01-10 00:00:00",61,285813494193
"2016-01-11 00:00:00",68,502149179216
"2016-01-12 00:00:00",79,761052016239
"2016-01-13 00:00:00",111,297784779673
"2016-01-14 00:00:00",61,315126571016
"2016-01-15 00:00:00",60,268365772543
"2016-01-16 00:00:00",98,527169948195
"2016-01-17 00:00:00",68,227241108574
"2016-01-18 00:00:00",42,282304367381
"2016-01-19 00:00:00",86,364616800045
"2016-01-20 00:00:00",37,471237469522
"2016-01-21 00:00:00",131,584830353865
"2016-01-22 00:00:00",86,348265579470
"2016-01-23 00:00:00",81,445385040284
"2016-01-24 00:00:00",77,445726952625
"2016-01-25 00:00:00",127,930869980793
"2016-01-26 00:00:00",61,313445582915
"2016-01-27 00:00:00",138,559086648995
"2016-01-28 00:00:00",72,251843350530
"2016-01-29 00:00:00",100,613677786949
"2016-01-30 00:00:00",76,559830312447
"2016-01-31 00:00:00",125,622578988126
"2016-02-01 00:00:00",101,549839466662
"2016-02-02 00:00:00",136,1003519800453
"2016-02-03 00:00:00",146,584961685301
"2016-02-04 00:00:00",86,534500930424
"2016-02-05 00:00:00",124,671787738899
"2016-02-06 00:00:00",94,365143554718
"2016-02-07 00:00:00",72,177271205649
"2016-02-08 00:00:00",90,441865347034
"2016-02-09 00:00:00",109,556865181469
"2016-02-10 00:00:00",87,504095363807
"2016-02-11 00:00:00",61,380801589735
"2016-02-12 00:00:00",211,325415436387
"2016-02-13 00:00:00",130,726925529607
"2016-02-14 00:00:00",91,397401925857
"2016-02-15 00:00:00",155,558720785812
"2016-02-16 00:00:00",49,460233553940
"2016-02-17 00:00:00",170,798687292891
"2016-02-18 00:00:00",60,130337964030
"2016-02-19 00:00:00",59,341187699089
"2016-02-20 00:00:00",61,243720671429
"2016-02-21 00:00:00",29,45094516973
"2016-02-22 00:00:00",67,438890918019
"2016-02-23 00:00:00",48,311226692803
"2016-02-24 00:00:00",119,730242303309
"2016-02-25 00:00:00",125,1231035124947
"2016-02-26 00:00:00",53,311266435155
"2016-02-27 00:00:00",72,489665468658
"2016-02-28 00:00:00",58,525672574004
"2016-02-29 00:00:00",88,263112726107
"2016-03-01 00:00:00",66,441495552199
"2016-03-02 00:00:00",59,476948678373
"2016-03-03 00:00:00",100,1015178872783
"2016-03-04 00:00:00",63,382769086005
"2016-03-05 00:00:00",56,474329364366
"2016-03-06 00:00:00",66,395924171567
"2016-03-07 00:00:00",114,635746958498
"2016-03-08 00:00:00",132,1210533459145
"2016-03-09 00:00:00",112,1894058228490
"2016-03-10 00:00:00",66,534272767260
"2016-03-11 00:00:00",45,622329322076
"2016-03-12 00:00:00",95,465967666690
"2016-03-13 00:00:00",69,685311875626
"2016-03-14 00:00:00",60,523880569909
"2016-03-15 00:00:00",55,551530023895
"2016-03-16 00:00:00",84,437889774154
"2016-03-17 00:00:00",62,1079085781202
"2016-03-18 00:00:00",93,346465329289
"2016-03-19 00:00:00",128,419536806232
"2016-03-20 00:00:00",53,399006803734
"2016-03-21 00:00:00",77,548227355752
"2016-03-22 00:00:00",55,314135489314
"2016-03-23 00:00:00",135,948867229986
"2016-03-24 00:00:00",50,584595640737
"2016-03-25 00:00:00",44,223837143323
"2016-03-26 00:00:00",59,401175483254
"2016-03-27 00:00:00",66,258691195533
"2016-03-28 00:00:00",72,1594655061737
"2016-03-29 00:00:00",56,123520130413
"2016-03-30 00:00:00",130,660116811985
"2016-03-31 00:00:00",60,172450788503
"2016-04-01 00:00:00",52,91914506449
"2016-04-02 00:00:00",63,206519104418
"2016-04-03 00:00:00",133,1911830070201
"2016-04-04 00:00:00",65,585977507800
"2016-04-05 00:00:00",141,942021216868
"2016-04-06 00:00:00",97,3176402577360
"2016-04-07 00:00:00",66,474356676621
"2016-04-08 00:00:00",72,316713511249
"2016-04-09 00:00:00",94,438793827730
"2016-04-10 00:00:00",68,171525201742
"2016-04-11 00:00:00",66,457549605341
"2016-04-12 00:00:00",97,595858526096
"2016-04-13 00:00:00",124,3176330933886
"2016-04-14 00:00:00",44,201024429368
"2016-04-15 00:00:00",141,691333967832
"2016-04-16 00:00:00",87,603375834656
"2016-04-17 00:00:00",107,406691582991
"2016-04-18 00:00:00",119,1099755089299
"2016-04-19 00:00:00",48,770706761920
"2016-04-20 00:00:00",69,512811663295
"2016-04-21 00:00:00",156,1098007150383
"2016-04-22 00:00:00",84,451621951210
"2016-04-23 00:00:00",79,369185204527
"2016-04-24 00:00:00",81,284352025399
"2016-04-25 00:00:00",129,727053695334
"2016-04-26 00:00:00",95,3257067775262
"2016-04-27 00:00:00",52,358933493472
"2016-04-28 00:00:00",63,472750949129
"2016-04-29 00:00:00",62,306071876448
"2016-04-30 00:00:00",92,522086030421
"2016-05-01 00:00:00",36,2799988968997
"2016-05-02 00:00:00",73,309017524310
"2016-05-03 00:00:00",92,735203487453
"2016-05-04 00:00:00",1262,12198073706807
"2016-05-05 00:00:00",352,3266554129797
"2016-05-06 00:00:00",224,1990667432456
"2016-05-07 00:00:00",401,926218159703
"2016-05-08 00:00:00",8306,2389568748037
"2016-05-09 00:00:00",7614,8578463050985
"2016-05-10 00:00:00",5731,9426895515673
"2016-05-11 00:00:00",6855,14676540936604
"2016-05-12 00:00:00",9591,15052673114093
"2016-05-13 00:00:00",41102,152751736060988
"2016-05-14 00:00:00",77109,250237168060964
"2016-05-15 00:00:00",6024,10670376271981
"2016-05-16 00:00:00",457,1043217417665
"2016-05-17 00:00:00",82,800015316399
"2016-05-18 00:00:00",70,380000917564
"2016-05-19 00:00:00",169,989835077009
"2016-05-20 00:00:00",112,948222601503
"2016-05-21 00:00:00",82,679335974227
"2016-05-22 00:00:00",56,286846513798
"2016-05-23 00:00:00",60,288385891228
"2016-05-24 00:00:00",62,397196619605
"2016-05-25 00:00:00",70,418519283715
"2016-05-26 00:00:00",77,520157387876
"2016-05-27 00:00:00",47,227287420505
"2016-05-28 00:00:00",73,367999198892
"2016-05-29 00:00:00",64,548188268259
"2016-05-30 00:00:00",97,367056112331
"2016-05-31 00:00:00",89,325015223016
"2016-06-01 00:00:00",83,354794894642
"2016-06-02 00:00:00",98,364775138482
"2016-06-03 00:00:00",105,980266581108
"2016-06-04 00:00:00",70,479757941903
"2016-06-05 00:00:00",91,476465331758
"2016-06-06 00:00:00",56,484851193910
"2016-06-07 00:00:00",52,832535170965
"2016-06-08 00:00:00",55,2845510773333
"2016-06-09 00:00:00",54,484755105019
"2016-06-10 00:00:00",48,533825835205
"2016-06-11 00:00:00",68,488137011105
"2016-06-12 00:00:00",92,516724290430
"2016-06-13 00:00:00",72,232365429451
"2016-06-14 00:00:00",72,455481356875
"2016-06-15 00:00:00",75,482727125971
"2016-06-16 00:00:00",49,199727190967
"2016-06-17 00:00:00",94,1447666931275
"2016-06-18 00:00:00",93,765166651815
"2016-06-19 00:00:00",77,427891609196
"2016-06-20 00:00:00",65,1849681390018
"2016-06-21 00:00:00",86,465964476038
"2016-06-22 00:00:00",60,271459868166
"2016-06-23 00:00:00",82,795539751290
"2016-06-24 00:00:00",65,1870516429304
"2016-06-25 00:00:00",76,1954228327192
"2016-06-26 00:00:00",51,185929004963
"2016-06-27 00:00:00",55,585988442710
"2016-06-28 00:00:00",1052,270359749949
"2016-06-29 00:00:00",78,450718683089
"2016-06-30 00:00:00",93,583234352050
"2016-07-01 00:00:00",96,574895975417
"2016-07-02 00:00:00",81,707566127192
"2016-07-03 00:00:00",59,224840876396
"2016-07-04 00:00:00",70,566670925977
"2016-07-05 00:00:00",92,3207384784761
"2016-07-06 00:00:00",166,817322815678
"2016-07-07 00:00:00",193,930130637509
"2016-07-08 00:00:00",177,878290170546
"2016-07-09 00:00:00",242,421227970431
"2016-07-10 00:00:00",2377,3310599624440
"2016-07-11 00:00:00",5257,6705048198697
"2016-07-12 00:00:00",5195,7142603643820
"2016-07-13 00:00:00",10349,21317543986568
"2016-07-14 00:00:00",19775,31994205252263
"2016-07-15 00:00:00",35899,57641860250958
"2016-07-16 00:00:00",2722,3135711636779
"2016-07-17 00:00:00",125,565637508151
"2016-07-18 00:00:00",133,385271524284
"2016-07-19 00:00:00",126,426870584042
"2016-07-20 00:00:00",109,703672666237
"2016-07-21 00:00:00",1123,802739307967
"2016-07-22 00:00:00",162,730142909984
"2016-07-23 00:00:00",107,577462518868
"2016-07-24 00:00:00",121,1041563198518
"2016-07-25 00:00:00",90,433244474784
"2016-07-26 00:00:00",124,3169518698256
"2016-07-27 00:00:00",103,1030421467157
"2016-07-28 00:00:00",113,1895466085011
"2016-07-29 00:00:00",108,1430614363359
"2016-07-30 00:00:00",101,1859114925450
"2016-07-31 00:00:00",143,3119751999624
"2016-08-01 00:00:00",95,461166533037
"2016-08-02 00:00:00",61,714785584616
"2016-08-03 00:00:00",105,755732208020
"2016-08-04 00:00:00",132,3387200082500
"2016-08-05 00:00:00",80,270181840383
"2016-08-06 00:00:00",92,3516179364608
"2016-08-07 00:00:00",93,401126402021
"2016-08-08 00:00:00",118,832971326415
"2016-08-09 00:00:00",188,1210967903295
"2016-08-10 00:00:00",188,633301557129
"2016-08-11 00:00:00",106,648082967137
"2016-08-12 00:00:00",94,478523383307
"2016-08-13 00:00:00",75,765374768197
"2016-08-14 00:00:00",142,513656571966
"2016-08-15 00:00:00",80,1148574301904
"2016-08-16 00:00:00",143,1480604330004
"2016-08-17 00:00:00",141,514478228846
"2016-08-18 00:00:00",101,1055488240064
"2016-08-19 00:00:00",98,470052266401
"2016-08-20 00:00:00",76,341506443702
"2016-08-21 00:00:00",112,384692395749
"2016-08-22 00:00:00",98,356999074855
"2016-08-23 00:00:00",118,598124813642
"2016-08-24 00:00:00",123,1519529823800
"2016-08-25 00:00:00",88,1350536493599
"2016-08-26 00:00:00",127,975333421380
"2016-08-27 00:00:00",117,590287080168
"2016-08-28 00:00:00",102,516884103294
"2016-08-29 00:00:00",554,2551898356989
"2016-08-30 00:00:00",1092,1246635604842
"2016-08-31 00:00:00",568,2407797807054
"2016-09-01 00:00:00",220,1321494254333
"2016-09-02 00:00:00",143,3159299597802
"2016-09-03 00:00:00",203,1241421698225
"2016-09-04 00:00:00",164,1067417686533
"2016-09-05 00:00:00",241,766467898301
"2016-09-06 00:00:00",129,757125966088
"2016-09-07 00:00:00",622,493983558991
"2016-09-08 00:00:00",466,2008275048248
"2016-09-09 00:00:00",191,929567243293
"2016-09-10 00:00:00",138,845297129273
"2016-09-11 00:00:00",118,1050101346786
"2016-09-12 00:00:00",106,983555619012
"2016-09-13 00:00:00",128,723616621202
"2016-09-14 00:00:00",163,665092082340
"2016-09-15 00:00:00",132,855722903152
"2016-09-16 00:00:00",105,689551787089
"2016-09-17 00:00:00",194,4613787432244
"2016-09-18 00:00:00",155,1041122714630
"2016-09-19 00:00:00",192,3605892507074
"2016-09-20 00:00:00",93,1074002183040
"2016-09-21 00:00:00",115,858003602199
"2016-09-22 00:00:00",1623,1110426904254
"2016-09-23 00:00:00",125,1779910956940
"2016-09-24 00:00:00",91,916652226537
"2016-09-25 00:00:00",237,2297539377362
"2016-09-26 00:00:00",204,1840323301699
"2016-09-27 00:00:00",149,1557875102807
"2016-09-28 00:00:00",253,1051406813987
"2016-09-29 00:00:00",123,1666185642444
"2016-09-30 00:00:00",150,750714703003
"2016-10-01 00:00:00",343,2437652724975
"2016-10-02 00:00:00",110,949561763263
"2016-10-03 00:00:00",112,3437525032583
"2016-10-04 00:00:00",188,3383417368946
"2016-10-05 00:00:00",183,1770680326916
"2016-10-06 00:00:00",161,753963616146
"2016-10-07 00:00:00",102,524676966933
"2016-10-08 00:00:00",220,3457018239167
"2016-10-09 00:00:00",213,3788047217827
"2016-10-10 00:00:00",169,5620148147130
"2016-10-11 00:00:00",224,1055225835735
"2016-10-12 00:00:00",357,2152616526645
"2016-10-13 00:00:00",302,2664990062395
"2016-10-14 00:00:00",168,1201772996093
"2016-10-15 00:00:00",714,1507326172301
"2016-10-16 00:00:00",637,1446344875198
"2016-10-17 00:00:00",282,2685402927691
"2016-10-18 00:00:00",198,1026396411259
"2016-10-19 00:00:00",196,4703801175258
"2016-10-20 00:00:00",131,475138914386
"2016-10-21 00:00:00",162,2824001476956
"2016-10-22 00:00:00",182,2586559854063
"2016-10-23 00:00:00",359,2197538755998
"2016-10-24 00:00:00",518,4866042237526
"2016-10-25 00:00:00",271,1527623526637
"2016-10-26 00:00:00",221,2064115354882
"2016-10-27 00:00:00",238,1605903625449
"2016-10-28 00:00:00",548,9222178954152
"2016-10-29 00:00:00",405,7322278458005
"2016-10-30 00:00:00",218,1258739985553
"2016-10-31 00:00:00",258,1236173449643
"2016-11-01 00:00:00",844,1432843647252
"2016-11-02 00:00:00",254,2778188278746
"2016-11-03 00:00:00",198,2671142459843
"2016-11-04 00:00:00",181,1915139134197
"2016-11-05 00:00:00",188,2302089521158
"2016-11-06 00:00:00",174,1593478462464
"2016-11-07 00:00:00",110,2228821745691
"2016-11-08 00:00:00",143,1059796069694
"2016-11-09 00:00:00",145,1745033411495
"2016-11-10 00:00:00",251,1808377569111
"2016-11-11 00:00:00",211,1411596768522
"2016-11-12 00:00:00",184,1191875165837
"2016-11-13 00:00:00",225,1663061253451
"2016-11-14 00:00:00",158,2125659868372
"2016-11-15 00:00:00",165,801047782835
"2016-11-16 00:00:00",208,827374983110
"2016-11-17 00:00:00",122,2544467921383
"2016-11-18 00:00:00",118,1084690605482
"2016-11-19 00:00:00",144,1187239780318
"2016-11-20 00:00:00",155,1286411124138
"2016-11-21 00:00:00",183,1290082748806
"2016-11-22 00:00:00",611,2271632580331
"2016-11-23 00:00:00",574,5780822646476
"2016-11-24 00:00:00",145,1820706203280
"2016-11-25 00:00:00",198,1569554193534
"2016-11-26 00:00:00",293,2517412136448
"2016-11-27 00:00:00",725,24410783131157
"2016-11-28 00:00:00",525,17275988713357
"2016-11-29 00:00:00",156,1080035520025
"2016-11-30 00:00:00",129,1182735910361
"2016-12-01 00:00:00",132,1617221371637
"2016-12-02 00:00:00",283,24512345895378
"2016-12-03 00:00:00",265,26214731942594
"2016-12-04 00:00:00",372,43890070882730
"2016-12-05 00:00:00",376,44729102533760
"2016-12-06 00:00:00",361,43202392687916
"2016-12-07 00:00:00",571,44569596574164
"2016-12-08 00:00:00",398,43336109553067
"2016-12-09 00:00:00",388,43106430960719
"2016-12-10 00:00:00",293,32310277820267
"2016-12-11 00:00:00",95,1001437335196
"2016-12-12 00:00:00",389,1734057664635
"2016-12-13 00:00:00",176,1446497081623
"2016-12-14 00:00:00",101,807809174330
"2016-12-15 00:00:00",113,548722661856
"2016-12-16 00:00:00",119,641143746975
"2016-12-17 00:00:00",84,692975788067
"2016-12-18 00:00:00",223,1102661606513
"2016-12-19 00:00:00",203,636331063366
"2016-12-20 00:00:00",134,869319981753
"2016-12-21 00:00:00",160,911689188536
"2016-12-22 00:00:00",133,1623476989022
"2016-12-23 00:00:00",145,1098436005377
"2016-12-24 00:00:00",139,998141070291
"2016-12-25 00:00:00",103,419959452902
"2016-12-26 00:00:00",163,676313064985
"2016-12-27 00:00:00",253,1446185486836
"2016-12-28 00:00:00",285,2193757232364
"2016-12-29 00:00:00",242,1711370956754
"2016-12-30 00:00:00",276,2257278314067
"2016-12-31 00:00:00",195,2270400916478
"2017-01-01 00:00:00",226,2084969448240
"2017-01-02 00:00:00",238,1602042068388
"2017-01-03 00:00:00",204,1617756696126
"2017-01-04 00:00:00",180,704812352068
"2017-01-05 00:00:00",174,1090553313116
"2017-01-06 00:00:00",117,1015416218532
"2017-01-07 00:00:00",124,1542280734351
"2017-01-08 00:00:00",139,2346904217501
"2017-01-09 00:00:00",135,1323045157943
"2017-01-10 00:00:00",136,563278014403
"2017-01-11 00:00:00",131,418660500231
"2017-01-12 00:00:00",147,1110597605752
"2017-01-13 00:00:00",368,12158550493230
"2017-01-14 00:00:00",310,2810334471889
"2017-01-15 00:00:00",241,3037086525279
"2017-01-16 00:00:00",218,2440307715437
"2017-01-17 00:00:00",202,943920535863
"2017-01-18 00:00:00",271,2326984101251
"2017-01-19 00:00:00",238,2111891773440
"2017-01-20 00:00:00",386,3169021977760
"2017-01-21 00:00:00",354,2406279364917
"2017-01-22 00:00:00",278,1308121671447
"2017-01-23 00:00:00",394,2444392417787
"2017-01-24 00:00:00",412,2934491702077
"2017-01-25 00:00:00",423,2510457402061
"2017-01-26 00:00:00",363,2470594875354
"2017-01-27 00:00:00",233,1805450112902
"2017-01-28 00:00:00",287,1002022704111
"2017-01-29 00:00:00",394,2740337559605
"2017-01-30 00:00:00",242,1584609265506
"2017-01-31 00:00:00",164,817834010627
"2017-02-01 00:00:00",205,1165372460695
"2017-02-02 00:00:00",249,7467449326597
"2017-02-03 00:00:00",262,3778048627714
"2017-02-04 00:00:00",229,1708388685659
"2017-02-05 00:00:00",661,1734937728491
"2017-02-06 00:00:00",182,1572964811895
"2017-02-07 00:00:00",242,2140897932474
"2017-02-08 00:00:00",233,3886515007816
"2017-02-09 00:00:00",183,2192859512824
"2017-02-10 00:00:00",272,1673489519411
"2017-02-11 00:00:00",246,2525891342830
"2017-02-12 00:00:00",239,1769888556610
"2017-02-13 00:00:00",213,922477363548
"2017-02-14 00:00:00",186,1033150839762
"2017-02-15 00:00:00",268,1739249239994
"2017-02-16 00:00:00",243,1477228748091
"2017-02-17 00:00:00",242,859423913864
"2017-02-18 00:00:00",229,1399895624355
"2017-02-19 00:00:00",263,1085008564556
"2017-02-20 00:00:00",319,5390050439454
"2017-02-21 00:00:00",284,1490293157727
"2017-02-22 00:00:00",204,1579169218835
"2017-02-23 00:00:00",249,2294683239578
"2017-02-24 00:00:00",197,1223765249734
"2017-02-25 00:00:00",194,2099297336918
"2017-02-26 00:00:00",235,8022927615730
"2017-02-27 00:00:00",272,1021405366461
"2017-02-28 00:00:00",209,2828579119095
"2017-03-01 00:00:00",513,2004857789314
"2017-03-02 00:00:00",549,821060679640
"2017-03-03 00:00:00",210,1028991130897
"2017-03-04 00:00:00",217,1404602655533
"2017-03-05 00:00:00",556,2855649733733
"2017-03-06 00:00:00",340,2296691901184
"2017-03-07 00:00:00",195,739328612399
"2017-03-08 00:00:00",214,1404311909961
"2017-03-09 00:00:00",269,4362577908516
"2017-03-10 00:00:00",518,4268610320745
"2017-03-11 00:00:00",720,5771291281276
"2017-03-12 00:00:00",568,3811610067510
"2017-03-13 00:00:00",593,3276586672373
"2017-03-14 00:00:00",519,4494236373680
"2017-03-15 00:00:00",266,1789494903965
"2017-03-16 00:00:00",260,1340246734081
"2017-03-17 00:00:00",250,1345650250896
"2017-03-18 00:00:00",268,4419559643977
"2017-03-19 00:00:00",501,1905721790412
"2017-03-20 00:00:00",357,4406041511397
"2017-03-21 00:00:00",276,1751455395819
"2017-03-22 00:00:00",260,1897837987357
"2017-03-23 00:00:00",982,6864282651363
"2017-03-24 00:00:00",522,6968224996880
"2017-03-25 00:00:00",272,3347153232819
"2017-03-26 00:00:00",317,2952114849599
"2017-03-27 00:00:00",736,3870538976977
"2017-03-28 00:00:00",315,2682747419204
"2017-03-29 00:00:00",399,5904381231205
"2017-03-30 00:00:00",657,7813228881923
"2017-03-31 00:00:00",403,3159325986350
"2017-04-01 00:00:00",435,3975146810125
"2017-04-02 00:00:00",282,2653486965104
"2017-04-03 00:00:00",251,2615160735713
"2017-04-04 00:00:00",280,2559904879835
"2017-04-05 00:00:00",331,7779518113301
"2017-04-06 00:00:00",591,2757969045789
"2017-04-07 00:00:00",456,3000621805677
"2017-04-08 00:00:00",303,1776419883906
"2017-04-09 00:00:00",211,2149943381764
"2017-04-10 00:00:00",224,4255075466404
"2017-04-11 00:00:00",244,8671655840915
"2017-04-12 00:00:00",247,1945995001676
"2017-04-13 00:00:00",991,3142075742715
"2017-04-14 00:00:00",247,1741987933668
"2017-04-15 00:00:00",676,1942690820801
"2017-04-16 00:00:00",271,2915079623104
"2017-04-17 00:00:00",365,3346313465565
"2017-04-18 00:00:00",343,2105252583574
"2017-04-19 00:00:00",207,2912637385785
"2017-04-20 00:00:00",636,169233511297414
"2017-04-21 00:00:00",257,3436016237318
"2017-04-22 00:00:00",303,1412173174940
"2017-04-23 00:00:00",262,1884411395688
"2017-04-24 00:00:00",263,1314801903781
"2017-04-25 00:00:00",242,2183040950879
"2017-04-26 00:00:00",218,1141669512358
"2017-04-27 00:00:00",304,10662746656354
"2017-04-28 00:00:00",639,169562283197598
"2017-04-29 00:00:00",200,5529786410410
"2017-04-30 00:00:00",442,3639876934505
"2017-05-01 00:00:00",742,1752963129022
"2017-05-02 00:00:00",202,3538117986346
"2017-05-03 00:00:00",266,6181422873863
"2017-05-04 00:00:00",513,5885738080308
"2017-05-05 00:00:00",740,11960310363979
"2017-05-06 00:00:00",1017,6218991528445
"2017-05-07 00:00:00",1261,3650619360042
"2017-05-08 00:00:00",882,5011815080976
"2017-05-09 00:00:00",233,1402458159292
"2017-05-10 00:00:00",180,2739643137329
"2017-05-11 00:00:00",385,3088395755345
"2017-05-12 00:00:00",251,5008793769372
"2017-05-13 00:00:00",333,5979196460886
"2017-05-14 00:00:00",264,2516715663601
"2017-05-15 00:00:00",222,1627626686436
"2017-05-16 00:00:00",392,168059681688049
"2017-05-17 00:00:00",296,32430815956318
"2017-05-18 00:00:00",347,3004899189596
"2017-05-19 00:00:00",212,3096379299462
"2017-05-20 00:00:00",190,1695338154801
"2017-05-21 00:00:00",220,1814049728232
"2017-05-22 00:00:00",437,2255062925828
"2017-05-23 00:00:00",279,1697797512883
"2017-05-24 00:00:00",339,2246180403508
"2017-05-25 00:00:00",347,3758170085988
"2017-05-26 00:00:00",364,5416478494613
"2017-05-27 00:00:00",424,1705160867596
"2017-05-28 00:00:00",421,2228134958672
"2017-05-29 00:00:00",547,2293380578470
"2017-05-30 00:00:00",386,3822077294126
"2017-05-31 00:00:00",566,2113759470326
"2017-06-01 00:00:00",622,2741089518759
"2017-06-02 00:00:00",461,2416753546598
"2017-06-03 00:00:00",493,2640204510283
"2017-06-04 00:00:00",394,2268573281537
"2017-06-05 00:00:00",504,2835771285088
"2017-06-06 00:00:00",533,5483280616361
"2017-06-07 00:00:00",450,4391513266805
"2017-06-08 00:00:00",289,5416764682126
"2017-06-09 00:00:00",214,2009435860024
"2017-06-10 00:00:00",288,2800312531786
"2017-06-11 00:00:00",438,4076571797684
"2017-06-12 00:00:00",266,1673088579625
"2017-06-13 00:00:00",236,1731370898238
"2017-06-14 00:00:00",204,2572539772820
"2017-06-15 00:00:00",347,2192534224739
"2017-06-16 00:00:00",277,1890406332221
"2017-06-17 00:00:00",220,1318532266495
"2017-06-18 00:00:00",232,6529080830745
"2017-06-19 00:00:00",260,2799490138126
"2017-06-20 00:00:00",194,2644768780056
"2017-06-21 00:00:00",368,3556066327055
"2017-06-22 00:00:00",254,1582847790397
"2017-06-23 00:00:00",168,1636724173948
"2017-06-24 00:00:00",225,1520231577071
"2017-06-25 00:00:00",175,2380789275661
"2017-06-26 00:00:00",187,1134049959981
"2017-06-27 00:00:00",216,1226789630161
"2017-06-28 00:00:00",227,1084115324677
"2017-06-29 00:00:00",292,1252084468415
"2017-06-30 00:00:00",281,1351396389147
"2017-07-01 00:00:00",276,2297305397865
"2017-07-02 00:00:00",264,1074656881786
"2017-07-03 00:00:00",194,1111270976021
"2017-07-04 00:00:00",244,1750655188775
"2017-07-05 00:00:00",262,2161683106698
"2017-07-06 00:00:00",262,2383026546583
"2017-07-07 00:00:00",238,2007135383051
"2017-07-08 00:00:00",250,1251575018132
"2017-07-09 00:00:00",207,2553818608986
"2017-07-10 00:00:00",375,3874683052296
"2017-07-11 00:00:00",380,2245408609938
"2017-07-12 00:00:00",256,755316804676
"2017-07-13 00:00:00",193,1127584113632
"2017-07-14 00:00:00",261,7929803225053
"2017-07-15 00:00:00",296,1890045682641
"2017-07-16 00:00:00",300,1209960616531
"2017-07-17 00:00:00",347,1769311367615
"2017-07-18 00:00:00",1222,4492480727638
"2017-07-19 00:00:00",466,7044334595668
"2017-07-20 00:00:00",1277,27508323244471
"2017-07-21 00:00:00",1480,56565266007268
"2017-07-22 00:00:00",1607,67005025636691
"2017-07-23 00:00:00",1838,85501401961301
"2017-07-24 00:00:00",1947,135086482992140
"2017-07-25 00:00:00",2108,288746154927911
"2017-07-26 00:00:00",2169,288563764688237
"2017-07-27 00:00:00",2166,291787444765819
"2017-07-28 00:00:00",564,47122263778640
"2017-07-29 00:00:00",288,2518441825344
"2017-07-30 00:00:00",300,5252444509724
"2017-07-31 00:00:00",275,4646850009035
"2017-08-01 00:00:00",218,5148996115470
"2017-08-02 00:00:00",294,2673009900830
"2017-08-03 00:00:00",229,2810048964934
"2017-08-04 00:00:00",327,4860595485272
"2017-08-05 00:00:00",280,5254360965453
"2017-08-06 00:00:00",345,5317735796090
"2017-08-07 00:00:00",354,3296955989562
"2017-08-08 00:00:00",178,1952105358298
"2017-08-09 00:00:00",240,3617808066981
"2017-08-10 00:00:00",269,6553651923329
"2017-08-11 00:00:00",239,2271402030474
"2017-08-12 00:00:00",219,7767840940208
"2017-08-13 00:00:00",262,1256246126115
"2017-08-14 00:00:00",249,1108963361466
"2017-08-15 00:00:00",250,1496604053613
"2017-08-16 00:00:00",266,2428228829381
"2017-08-17 00:00:00",306,3262734105456
"2017-08-18 00:00:00",420,3469153646616
"2017-08-19 00:00:00",433,3576246845726
"2017-08-20 00:00:00",477,3262975644505
"2017-08-21 00:00:00",448,2207857693948
"2017-08-22 00:00:00",437,3053518736974
"2017-08-23 00:00:00",494,3937481462693
"2017-08-24 00:00:00",519,3599103799681
"2017-08-25 00:00:00",563,3429649407249
"2017-08-26 00:00:00",502,2534860454771
"2017-08-27 00:00:00",602,2024982078559
"2017-08-28 00:00:00",435,2168388381193
"2017-08-29 00:00:00",755,3133081223527
"2017-08-30 00:00:00",653,3628819554655
"2017-08-31 00:00:00",587,5074033031675
"2017-09-01 00:00:00",729,3276976220502
"2017-09-02 00:00:00",524,2900931369340
"2017-09-03 00:00:00",525,3082023247295
"2017-09-04 00:00:00",484,2509953138958
"2017-09-05 00:00:00",548,3323135385021
"2017-09-06 00:00:00",544,5453499877544
"2017-09-07 00:00:00",599,4183995893405
"2017-09-08 00:00:00",567,2441410246301
"2017-09-09 00:00:00",626,3522947232222
"2017-09-10 00:00:00",567,3536039606382
"2017-09-11 00:00:00",575,3672486738955
"2017-09-12 00:00:00",509,3022277119528
"2017-09-13 00:00:00",526,3175611247047
"2017-09-14 00:00:00",637,2749938533531
"2017-09-15 00:00:00",651,3315241988002
"2017-09-16 00:00:00",529,2500439196282
"2017-09-17 00:00:00",381,5437449765535
"2017-09-18 00:00:00",390,2509979354724
"2017-09-19 00:00:00",381,2018987192522
"2017-09-20 00:00:00",475,4228130770282
"2017-09-21 00:00:00",470,3291218993217
"2017-09-22 00:00:00",436,3910686247604
"2017-09-23 00:00:00",417,2966181811409
"2017-09-24 00:00:00",390,2081654501094
"2017-09-25 00:00:00",452,8954092137313
"2017-09-26 00:00:00",357,2896190908424
"2017-09-27 00:00:00",384,2075295492218
"2017-09-28 00:00:00",384,3057569360815
"2017-09-29 00:00:00",451,3329048929684
"2017-09-30 00:00:00",411,3318458414570
"2017-10-01 00:00:00",379,3300176518111
"2017-10-02 00:00:00",420,4726548895824
"2017-10-03 00:00:00",373,2854508470671
"2017-10-04 00:00:00",381,4705515643802
"2017-10-05 00:00:00",522,3438257032834
"2017-10-06 00:00:00",506,4578627682372
"2017-10-07 00:00:00",509,2295759299938
"2017-10-08 00:00:00",402,2585072096706
"2017-10-09 00:00:00",461,5359685549999
"2017-10-10 00:00:00",415,3466318022864
"2017-10-11 00:00:00",508,4534040895698
"2017-10-12 00:00:00",400,2954019954293
"2017-10-13 00:00:00",706,4704658231504
"2017-10-14 00:00:00",934,8335486731487
"2017-10-15 00:00:00",559,4480481340209
"2017-10-16 00:00:00",416,5298305207303
"2017-10-17 00:00:00",466,5412475250095
"2017-10-18 00:00:00",410,6794839690991
"2017-10-19 00:00:00",436,4257019192997
"2017-10-20 00:00:00",451,3912013441552
"2017-10-21 00:00:00",667,9263396905319
"2017-10-22 00:00:00",2439,6796271024377
"2017-10-23 00:00:00",408,2817784938511
"2017-10-24 00:00:00",264,2203735664912
"2017-10-25 00:00:00",365,3435579711545
"2017-10-26 00:00:00",1039,2550095621591
"2017-10-27 00:00:00",409,1738410108587
"2017-10-28 00:00:00",273,5355331234988
"2017-10-29 00:00:00",235,1387438951773
"2017-10-30 00:00:00",265,1186902616920
"2017-10-31 00:00:00",253,1424051337867
"2017-11-01 00:00:00",297,1668779218830
"2017-11-02 00:00:00",301,1815676855374
"2017-11-03 00:00:00",350,4258531879268
"2017-11-04 00:00:00",256,1694653190327
"2017-11-05 00:00:00",260,4927311289084
"2017-11-06 00:00:00",251,1400933316726
"2017-11-07 00:00:00",288,1716585527246
"2017-11-08 00:00:00",253,1090812085992
"2017-11-09 00:00:00",519,3299284118338
"2017-11-10 00:00:00",493,2786202193970
"2017-11-11 00:00:00",585,3469444736800
"2017-11-12 00:00:00",494,5743228835908
"2017-11-13 00:00:00",455,5489298144621
"2017-11-14 00:00:00",460,4165732931207
"2017-11-15 00:00:00",463,2940840706678
"2017-11-16 00:00:00",465,3146841674000
"2017-11-17 00:00:00",512,6032233032524
"2017-11-18 00:00:00",423,3265079826428
"2017-11-19 00:00:00",478,2792991010529
"2017-11-20 00:00:00",507,5370563122536
"2017-11-21 00:00:00",428,2123875168944
"2017-11-22 00:00:00",480,3452311019033
"2017-11-23 00:00:00",483,4327244825795
"2017-11-24 00:00:00",451,3252408812202
"2017-11-25 00:00:00",527,3777456526148
"2017-11-26 00:00:00",550,6592752953181
"2017-11-27 00:00:00",525,3511044082606
"2017-11-28 00:00:00",528,4868320111352
"2017-11-29 00:00:00",314,2012665702859
"2017-11-30 00:00:00",266,2024192774271
"2017-12-01 00:00:00",282,2638314848666
"2017-12-02 00:00:00",318,5748819067045
"2017-12-03 00:00:00",718,9305140162122
"2017-12-04 00:00:00",474,11026633507747
"2017-12-05 00:00:00",418,8049619715649
"2017-12-06 00:00:00",443,9984092734862
"2017-12-07 00:00:00",441,9060874812682
"2017-12-08 00:00:00",394,9608204082482
"2017-12-09 00:00:00",400,9677864277661
"2017-12-10 00:00:00",440,8703921443843
"2017-12-11 00:00:00",253,3866262687580
"2017-12-12 00:00:00",267,3220014121029
"2017-12-13 00:00:00",234,1289247567756
"2017-12-14 00:00:00",260,1684520593789
"2017-12-15 00:00:00",230,1436353162201
"2017-12-16 00:00:00",242,4037788431618
"2017-12-17 00:00:00",242,3101481933914
"2017-12-18 00:00:00",221,1898506379997
"2017-12-19 00:00:00",331,4803090335884
"2017-12-20 00:00:00",262,4320489707259
"2017-12-21 00:00:00",356,1807693815000
"2017-12-22 00:00:00",311,1847631040384
"2017-12-23 00:00:00",236,1519865401382
"2017-12-24 00:00:00",269,4051560420038
"2017-12-25 00:00:00",300,1575981784513
"2017-12-26 00:00:00",586,2962808175896
"2017-12-27 00:00:00",326,2934943785944
"2017-12-28 00:00:00",380,1778031517470
"2017-12-29 00:00:00",1983,7467870911703
"2017-12-30 00:00:00",478,13244911353085
"2017-12-31 00:00:00",418,24024007623529
"2018-01-01 00:00:00",471,23561937810336
"2018-01-02 00:00:00",473,1983694760070
"2018-01-03 00:00:00",277,1911087631758
"2018-01-04 00:00:00",314,6985868899549
"2018-01-05 00:00:00",202,1424063878157
"2018-01-06 00:00:00",237,4207115840688
"2018-01-07 00:00:00",297,2634579335843
"2018-01-08 00:00:00",273,2154866902504
"2018-01-09 00:00:00",290,1647015173086
"2018-01-10 00:00:00",599,133417943067049
"2018-01-11 00:00:00",267,9936826162862
"2018-01-12 00:00:00",280,2353177946253
"2018-01-13 00:00:00",297,4883043385659
"2018-01-14 00:00:00",252,1435363280253
"2018-01-15 00:00:00",276,919661986215
"2018-01-16 00:00:00",265,1142996304967
"2018-01-17 00:00:00",289,3871487943488
"2018-01-18 00:00:00",361,6365738467559
"2018-01-19 00:00:00",353,1277103638344
"2018-01-20 00:00:00",303,1774228553306
"2018-01-21 00:00:00",369,1119872339523
"2018-01-22 00:00:00",358,5573304072793
"2018-01-23 00:00:00",299,1025917134313
"2018-01-24 00:00:00",290,1391465669777
"2018-01-25 00:00:00",311,1731984586188
"2018-01-26 00:00:00",296,1006480158069
"2018-01-27 00:00:00",359,1408072700617
"2018-01-28 00:00:00",344,2606070685142
"2018-01-29 00:00:00",435,2318737160874
"2018-01-30 00:00:00",337,1563296080126
"2018-01-31 00:00:00",378,2424375502530
"2018-02-01 00:00:00",352,3150712922470
"2018-02-02 00:00:00",552,227689977472778
"2018-02-03 00:00:00",346,4615655857108
"2018-02-04 00:00:00",327,3324886235328
"2018-02-05 00:00:00",283,3100405644656
"2018-02-06 00:00:00",325,6899363461103
"2018-02-07 00:00:00",325,2078468862063
"2018-02-08 00:00:00",257,1620614265008
"2018-02-09 00:00:00",283,3920077637280
"2018-02-10 00:00:00",377,7306255211158
"2018-02-11 00:00:00",416,5295721466575
"2018-02-12 00:00:00",249,3552168630173
"2018-02-13 00:00:00",245,4401023753826
"2018-02-14 00:00:00",305,3845982213256
"2018-02-15 00:00:00",336,5057049088616
"2018-02-16 00:00:00",280,2489902506387
"2018-02-17 00:00:00",362,5236077101156
"2018-02-18 00:00:00",349,6384457454664
"2018-02-19 00:00:00",318,9158693710347
"2018-02-20 00:00:00",457,6456748684854
"2018-02-21 00:00:00",458,3826455629593
"2018-02-22 00:00:00",459,5063995466929
"2018-02-23 00:00:00",292,5601453646628
"2018-02-24 00:00:00",304,2380825022687
"2018-02-25 00:00:00",279,2681026356643
"2018-02-26 00:00:00",275,1273267887516
"2018-02-27 00:00:00",314,2487592970180
"2018-02-28 00:00:00",2100,2397627801564
"2018-03-01 00:00:00",643,6925179316918
"2018-03-02 00:00:00",424,3240168461184
"2018-03-03 00:00:00",340,1144740804648
"2018-03-04 00:00:00",344,2660389766805
"2018-03-05 00:00:00",356,2463562337119
"2018-03-06 00:00:00",350,6571247060532
"2018-03-07 00:00:00",318,1144263560529
"2018-03-08 00:00:00",383,1970184650723
"2018-03-09 00:00:00",542,2557716072378
"2018-03-10 00:00:00",431,2196180521470
"2018-03-11 00:00:00",492,2766914473516
"2018-03-12 00:00:00",452,2618334118396
"2018-03-13 00:00:00",385,2274452873551
"2018-03-14 00:00:00",397,3352334300964
"2018-03-15 00:00:00",288,4200574229676
"2018-03-16 00:00:00",274,6124564452217
"2018-03-17 00:00:00",355,1838833316052
"2018-03-18 00:00:00",402,2248620347817
"2018-03-19 00:00:00",347,4809384331169
"2018-03-20 00:00:00",291,1321236915963
"2018-03-21 00:00:00",280,4457068610032
"2018-03-22 00:00:00",374,2945669120700
"2018-03-23 00:00:00",289,2178064475452
"2018-03-24 00:00:00",457,8265161439712
"2018-03-25 00:00:00",305,1355875092889
"2018-03-26 00:00:00",387,1716904878144
"2018-03-27 00:00:00",457,5210959518214
"2018-03-28 00:00:00",352,2733441857882
"2018-03-29 00:00:00",346,4459242759853
"2018-03-30 00:00:00",453,6152602838808
"2018-03-31 00:00:00",344,4863243966403
"2018-04-01 00:00:00",272,5544308073763
"2018-04-02 00:00:00",315,3641641618752
"2018-04-03 00:00:00",347,6635839399920
"2018-04-04 00:00:00",297,3345614081323
"2018-04-05 00:00:00",313,4299406508766
"2018-04-06 00:00:00",268,1524800421507
"2018-04-07 00:00:00",327,1897610882432
"2018-04-08 00:00:00",356,5036282583789
"2018-04-09 00:00:00",321,2490636206408
"2018-04-10 00:00:00",318,3196345530810
"2018-04-11 00:00:00",393,4367034443405
"2018-04-12 00:00:00",335,4779838187447
"2018-04-13 00:00:00",321,2910356049208
"2018-04-14 00:00:00",290,2247073704060
"2018-04-15 00:00:00",333,2736813791563
"2018-04-16 00:00:00",290,2557788167670
"2018-04-17 00:00:00",539,5669814984291
"2018-04-18 00:00:00",412,5325422854023
"2018-04-19 00:00:00",256,2359765855992
"2018-04-20 00:00:00",316,3603915843392
"2018-04-21 00:00:00",290,2110261574917
"2018-04-22 00:00:00",386,10535451509173
"2018-04-23 00:00:00",395,7422553438795
"2018-04-24 00:00:00",438,22044135067731
"2018-04-25 00:00:00",384,2027841003902
"2018-04-26 00:00:00",304,5674512004562
"2018-04-27 00:00:00",312,4802122249293
"2018-04-28 00:00:00",322,3842077985073
"2018-04-29 00:00:00",342,5860345036917
"2018-04-30 00:00:00",418,3089367290780
"2018-05-01 00:00:00",343,21619852738553
"2018-05-02 00:00:00",464,48316817539706
"2018-05-03 00:00:00",449,49616567445401
"2018-05-04 00:00:00",375,46836017283814
"2018-05-05 00:00:00",605,71784900775908
"2018-05-06 00:00:00",568,70591482972621
"2018-05-07 00:00:00",862,62605166292432
"2018-05-08 00:00:00",550,48401945078379
"2018-05-09 00:00:00",541,47292115693729
"2018-05-10 00:00:00",679,49946741902151
"2018-05-11 00:00:00",614,50741424284739
"2018-05-12 00:00:00",672,50827695451763
"2018-05-13 00:00:00",535,49024035732549
"2018-05-14 00:00:00",423,49143002171579
"2018-05-15 00:00:00",503,47552756217490
"2018-05-16 00:00:00",493,52021391729146
"2018-05-17 00:00:00",454,48485004903955
"2018-05-18 00:00:00",420,48388776719807
"2018-05-19 00:00:00",477,49755035236529
"2018-05-20 00:00:00",472,49724238941339
"2018-05-21 00:00:00",425,48714235285038
"2018-05-22 00:00:00",521,50022750565190
"2018-05-23 00:00:00",496,48344497566068
"2018-05-24 00:00:00",504,56932948483105
"2018-05-25 00:00:00",931,71173113960436
"2018-05-26 00:00:00",876,71997375686502
"2018-05-27 00:00:00",916,101302643920005
"2018-05-28 00:00:00",754,86405265236558
"2018-05-29 00:00:00",549,73248686618250
"2018-05-30 00:00:00",571,70048504898409
"2018-05-31 00:00:00",618,70079854730380
"2018-06-01 00:00:00",781,79382676372896
"2018-06-02 00:00:00",859,94141575858102
"2018-06-03 00:00:00",923,68569215363583
"2018-06-04 00:00:00",758,50885886249993
"2018-06-05 00:00:00",693,52144933319703
"2018-06-06 00:00:00",599,36312112898643
"2018-06-07 00:00:00",481,26475574003493
"2018-06-08 00:00:00",280,7017417072237
"2018-06-09 00:00:00",227,2348144484604
"2018-06-10 00:00:00",362,4596829107374
"2018-06-11 00:00:00",231,1500802350785
"2018-06-12 00:00:00",258,4714655825625
"2018-06-13 00:00:00",278,4864280267083
"2018-06-14 00:00:00",416,2022790541460
"2018-06-15 00:00:00",384,5441521020343
"2018-06-16 00:00:00",300,6215899650935
"2018-06-17 00:00:00",333,2374273539694
"2018-06-18 00:00:00",215,4420306227785
"2018-06-19 00:00:00",248,3686428989620
"2018-06-20 00:00:00",371,5827468192392
"2018-06-21 00:00:00",365,4066834287707
"2018-06-22 00:00:00",319,4346647420801
"2018-06-23 00:00:00",329,4904139873446
"2018-06-24 00:00:00",364,5193885129325
"2018-06-25 00:00:00",292,2544203016256
"2018-06-26 00:00:00",387,2163445049179
"2018-06-27 00:00:00",359,4059364238978
"2018-06-28 00:00:00",425,2542526323889
"2018-06-29 00:00:00",337,3759919664696
"2018-06-30 00:00:00",347,3545541531049
"2018-07-01 00:00:00",341,2630101485609
"2018-07-02 00:00:00",781,3348345728334
"2018-07-03 00:00:00",228,2291514764200
"2018-07-04 00:00:00",233,7619218815151
"2018-07-05 00:00:00",240,5758844846124
"2018-07-06 00:00:00",352,5031881478730
"2018-07-07 00:00:00",584,1008615366726
"2018-07-08 00:00:00",238,1720607476998
"2018-07-09 00:00:00",284,3557060143707
"2018-07-10 00:00:00",314,4150234693389
"2018-07-11 00:00:00",345,2567889411327
"2018-07-12 00:00:00",311,10144099888003
"2018-07-13 00:00:00",294,2780645302262
"2018-07-14 00:00:00",314,2371187737360
"2018-07-15 00:00:00",271,2445747829691
"2018-07-16 00:00:00",565,2474236768151
"2018-07-17 00:00:00",459,3127387941397
"2018-07-18 00:00:00",277,2210392681285
"2018-07-19 00:00:00",256,4624180487551
"2018-07-20 00:00:00",284,2367323130795
"2018-07-21 00:00:00",312,4509204619330
"2018-07-22 00:00:00",369,7079467141191
"2018-07-23 00:00:00",294,2195040281851
"2018-07-24 00:00:00",282,4845431574001
"2018-07-25 00:00:00",310,1353618560021
"2018-07-26 00:00:00",320,2368617013568
"2018-07-27 00:00:00",524,2556791306862
"2018-07-28 00:00:00",681,2667137453576
"2018-07-29 00:00:00",307,2137527865469
"2018-07-30 00:00:00",413,3168982331670
"2018-07-31 00:00:00",343,5939530741591
"2018-08-01 00:00:00",393,4274131633550
"2018-08-02 00:00:00",325,2825655360628
"2018-08-03 00:00:00",344,4189282156787
"2018-08-04 00:00:00",457,2396247013089
"2018-08-05 00:00:00",488,4414675121641
"2018-08-06 00:00:00",347,6175582781818
"2018-08-07 00:00:00",251,1694585107074
"2018-08-08 00:00:00",251,2028244469672
"2018-08-09 00:00:00",283,2096736368707
"2018-08-10 00:00:00",284,4240616806574
"2018-08-11 00:00:00",273,3660722168832
"2018-08-12 00:00:00",1416,6011871366752
"2018-08-13 00:00:00",2098,13898489251138
"2018-08-14 00:00:00",1139,9217575200259
"2018-08-15 00:00:00",620,6584783696923
"2018-08-16 00:00:00",665,7779455482585
"2018-08-17 00:00:00",737,9621646878719
"2018-08-18 00:00:00",518,5539534148656
"2018-08-19 00:00:00",564,4500521003362
"2018-08-20 00:00:00",399,3048456689979
"2018-08-21 00:00:00",333,3073203359781
"2018-08-22 00:00:00",430,6085382072384
"2018-08-23 00:00:00",367,5670619307351
"2018-08-24 00:00:00",571,3583263497497
"2018-08-25 00:00:00",363,1654165673194
"2018-08-26 00:00:00",434,5347596720029
"2018-08-27 00:00:00",510,8320745111508
"2018-08-28 00:00:00",504,9326147187989
"2018-08-29 00:00:00",477,4322261672532
"2018-08-30 00:00:00",406,3972646863481
"2018-08-31 00:00:00",335,3961776997375
"2018-09-01 00:00:00",371,3567562960802
"2018-09-02 00:00:00",378,8467105444670
"2018-09-03 00:00:00",355,7303771483217
"2018-09-04 00:00:00",285,3931131876532
"2018-09-05 00:00:00",305,3512977025133
"2018-09-06 00:00:00",290,1828509095795
"2018-09-07 00:00:00",350,10132383822438
"2018-09-08 00:00:00",367,4645047506996
"2018-09-09 00:00:00",329,2579367787791
"2018-09-10 00:00:00",434,5856665414115
"2018-09-11 00:00:00",301,2726552211146
"2018-09-12 00:00:00",341,2968041009210
"2018-09-13 00:00:00",413,3759661564098
"2018-09-14 00:00:00",382,3668343627161
"2018-09-15 00:00:00",307,5421261241241
"2018-09-16 00:00:00",385,4511037608899
"2018-09-17 00:00:00",237,7732467840444
"2018-09-18 00:00:00",263,3446684932947
"2018-09-19 00:00:00",407,10777211204155
"2018-09-20 00:00:00",358,6733710505488
"2018-09-21 00:00:00",310,2731477256190
"2018-09-22 00:00:00",264,3576467922317
"2018-09-23 00:00:00",317,3043652712930
"2018-09-24 00:00:00",275,5337392503968
"2018-09-25 00:00:00",396,4096750234948
"2018-09-26 00:00:00",534,4678244605575
"2018-09-27 00:00:00",307,4362166102440
"2018-09-28 00:00:00",345,2625424497022
"2018-09-29 00:00:00",602,7539466712334
"2018-09-30 00:00:00",373,2450634029107
"2018-10-01 00:00:00",457,7078813113861
"2018-10-02 00:00:00",362,7001476501697
"2018-10-03 00:00:00",468,6593205970552
"2018-10-04 00:00:00",293,2682100774829
"2018-10-05 00:00:00",325,2998153103009
"2018-10-06 00:00:00",649,2490790231704
"2018-10-07 00:00:00",282,4379700795134
"2018-10-08 00:00:00",220,5851804760100
"2018-10-09 00:00:00",308,7609636576691
"2018-10-10 00:00:00",366,1812900952299
"2018-10-11 00:00:00",272,6579539483734
"2018-10-12 00:00:00",395,1742008284505
"2018-10-13 00:00:00",349,2074435992181
"2018-10-14 00:00:00",316,2965707861020
"2018-10-15 00:00:00",242,3049904306345
"2018-10-16 00:00:00",352,1673334321572
"2018-10-17 00:00:00",342,3204455934234
"2018-10-18 00:00:00",300,4912876271587
"2018-10-19 00:00:00",415,4267354522445
"2018-10-20 00:00:00",401,2175460728263
"2018-10-21 00:00:00",404,6102059047232
"2018-10-22 00:00:00",365,2118501016623
"2018-10-23 00:00:00",304,7907527913478
"2018-10-24 00:00:00",294,2782359211041
"2018-10-25 00:00:00",275,3141281883709
"2018-10-26 00:00:00",443,4607055928431
"2018-10-27 00:00:00",369,2685142474112
"2018-10-28 00:00:00",345,10218298668423
"2018-10-29 00:00:00",360,4433369501299
"2018-10-30 00:00:00",423,2958990330086
"2018-10-31 00:00:00",364,5303574733696
"2018-11-01 00:00:00",292,3252815842550
"2018-11-02 00:00:00",330,8895821779955
"2018-11-03 00:00:00",357,2782367991297
"2018-11-04 00:00:00",341,4356984093108
"2018-11-05 00:00:00",1229,3063438353684
"2018-11-06 00:00:00",374,4847341443469
"2018-11-07 00:00:00",402,3565270294284
"2018-11-08 00:00:00",316,10371518827563
"2018-11-09 00:00:00",304,9312336475237
"2018-11-10 00:00:00",323,1864885159562
"2018-11-11 00:00:00",291,1424814155953
"2018-11-12 00:00:00",262,2134656875703
"2018-11-13 00:00:00",376,3572020364526
"2018-11-14 00:00:00",317,2136430795661
"2018-11-15 00:00:00",292,3356394898341
"2018-11-16 00:00:00",311,3239101273500
"2018-11-17 00:00:00",262,1389016165448
"2018-11-18 00:00:00",288,7894802034151
"2018-11-19 00:00:00",278,1832846356322
"2018-11-20 00:00:00",367,3455349754299
"2018-11-21 00:00:00",471,3553139691789
"2018-11-22 00:00:00",353,6569587930295
"2018-11-23 00:00:00",295,2018866674373
"2018-11-24 00:00:00",359,1530723542917
"2018-11-25 00:00:00",365,6170582649405
"2018-11-26 00:00:00",351,1832586188397
"2018-11-27 00:00:00",290,3247380136215
"2018-11-28 00:00:00",317,1921207026372
"2018-11-29 00:00:00",533,2352775072872
"2018-11-30 00:00:00",400,2694378154320
"2018-12-01 00:00:00",368,2476440220987
"2018-12-02 00:00:00",367,7608486422088
"2018-12-03 00:00:00",290,3226308611190
"2018-12-04 00:00:00",318,3644304042935
"2018-12-05 00:00:00",405,3187380184106
"2018-12-06 00:00:00",301,2096808266732
"2018-12-07 00:00:00",303,3657406915076
"2018-12-08 00:00:00",317,1753901760439
"2018-12-09 00:00:00",323,6848441874692
"2018-12-10 00:00:00",259,1647729650500
"2018-12-11 00:00:00",240,1238949318191
"2018-12-12 00:00:00",359,4390051098879
"2018-12-13 00:00:00",273,2289248760947
"2018-12-14 00:00:00",234,2215155775661
"2018-12-15 00:00:00",300,2261150346114
"2018-12-16 00:00:00",267,4727154152855
"2018-12-17 00:00:00",283,3824714036682
"2018-12-18 00:00:00",318,2228832842928
"2018-12-19 00:00:00",326,2145713125103
"2018-12-20 00:00:00",297,2391382155216
"2018-12-21 00:00:00",312,3137590292418
"2018-12-22 00:00:00",246,2079354232732
"2018-12-23 00:00:00",504,3130308920281
"2018-12-24 00:00:00",338,3074521480234
"2018-12-25 00:00:00",288,2486763905996
"2018-12-26 00:00:00",307,6611670525160
"2018-12-27 00:00:00",380,3719592613546
"2018-12-28 00:00:00",441,3125805386619
"2018-12-29 00:00:00",518,2273168122470
"2018-12-30 00:00:00",312,2977772863991
"2018-12-31 00:00:00",261,3383855001146
"2019-01-01 00:00:00",260,2158439722819
"2019-01-02 00:00:00",330,3165799231512
"2019-01-03 00:00:00",265,4930406183185
"2019-01-04 00:00:00",351,5730537776437
"2019-01-05 00:00:00",332,3355736166535
"2019-01-06 00:00:00",279,2962986261413
"2019-01-07 00:00:00",239,7271164333229
"2019-01-08 00:00:00",324,2716892924094
"2019-01-09 00:00:00",300,5639880734731
"2019-01-10 00:00:00",257,3059707779087
"2019-01-11 00:00:00",223,2115366634123
"2019-01-12 00:00:00",285,2983669535366
"2019-01-13 00:00:00",546,2871878393739
"2019-01-14 00:00:00",324,4294366154928
"2019-01-15 00:00:00",298,4294860307461
"2019-01-16 00:00:00",257,2708629615053
"2019-01-17 00:00:00",190,8632039209900
"2019-01-18 00:00:00",292,2096704708165
"2019-01-19 00:00:00",323,1973255025584
"2019-01-20 00:00:00",265,5593081572160
"2019-01-21 00:00:00",250,4040338661215
"2019-01-22 00:00:00",250,3129171192115
"2019-01-23 00:00:00",248,2037736651665
"2019-01-24 00:00:00",234,2157194843936
"2019-01-25 00:00:00",259,6283602072855
"2019-01-26 00:00:00",310,2146999931800
"2019-01-27 00:00:00",377,2444299378187
"2019-01-28 00:00:00",502,3823338760634
"2019-01-29 00:00:00",368,6575927055052
"2019-01-30 00:00:00",294,2840416902721
"2019-01-31 00:00:00",304,2845461620138
"2019-02-01 00:00:00",278,1803468018667
"2019-02-02 00:00:00",235,3454126781138
"2019-02-03 00:00:00",218,2546864073335
"2019-02-04 00:00:00",219,9085963924108
"2019-02-05 00:00:00",222,3732815565048
"2019-02-06 00:00:00",269,2026480066368
"2019-02-07 00:00:00",189,2789925729564
"2019-02-08 00:00:00",200,5329155967749
"2019-02-09 00:00:00",182,2768667948525
"2019-02-10 00:00:00",195,4227461747927
"2019-02-11 00:00:00",301,3841575215377
"2019-02-12 00:00:00",199,5950960974490
"2019-02-13 00:00:00",185,2750956333713
"2019-02-14 00:00:00",199,3071267300174
"2019-02-15 00:00:00",202,1782720775772
"2019-02-16 00:00:00",291,1917876366141
"2019-02-17 00:00:00",301,5992527707545
"2019-02-18 00:00:00",301,2611847459217
"2019-02-19 00:00:00",456,2369805102155
"2019-02-20 00:00:00",286,5075925573446
"2019-02-21 00:00:00",248,1798248402217
"2019-02-22 00:00:00",252,2654799012424
"2019-02-23 00:00:00",313,2852477690292
"2019-02-24 00:00:00",886,3056571602683
"2019-02-25 00:00:00",244,1524131219878
"2019-02-26 00:00:00",207,4550593510699
"2019-02-27 00:00:00",208,1641686813981
"2019-02-28 00:00:00",200,1720783712499
"2019-03-01 00:00:00",318,2934875303773
"2019-03-02 00:00:00",454,4455273338335
"2019-03-03 00:00:00",742,4388050193771
"2019-03-04 00:00:00",458,6722928367989
"2019-03-05 00:00:00",332,5521202161872
"2019-03-06 00:00:00",292,3403703819338
"2019-03-07 00:00:00",421,3634536936288
"2019-03-08 00:00:00",253,5616195853145
"2019-03-09 00:00:00",260,2255848961670
"2019-03-10 00:00:00",241,2191265526743
"2019-03-11 00:00:00",248,4173678489489
"2019-03-12 00:00:00",249,6628631785374
"2019-03-13 00:00:00",226,5220015305205
"2019-03-14 00:00:00",327,1853455467115
"2019-03-15 00:00:00",355,4080182428467
"2019-03-16 00:00:00",283,4753706017406
"2019-03-17 00:00:00",282,9777750224766
"2019-03-18 00:00:00",243,3071090280472
"2019-03-19 00:00:00",271,3187244543507
"2019-03-20 00:00:00",244,3536446523106
"2019-03-21 00:00:00",210,3878248820336
"2019-03-22 00:00:00",213,2998655553442
"2019-03-23 00:00:00",211,3298063482424
"2019-03-24 00:00:00",254,9097857377772
"2019-03-25 00:00:00",279,7592564537022
"2019-03-26 00:00:00",291,2785505061911
"2019-03-27 00:00:00",313,2900491767140
"2019-03-28 00:00:00",269,3132623388151
"2019-03-29 00:00:00",269,2501126397239
"2019-03-30 00:00:00",289,2355415368629
"2019-03-31 00:00:00",392,2634896524266
"2019-04-01 00:00:00",246,5321001664915
"2019-04-02 00:00:00",213,5008543850871
"2019-04-03 00:00:00",188,2894343878939
"2019-04-04 00:00:00",248,4893186736721
"2019-04-05 00:00:00",260,8912927926107
"2019-04-06 00:00:00",481,3701049541504
"2019-04-07 00:00:00",465,3797979924919
"2019-04-08 00:00:00",249,5498134304460
"2019-04-09 00:00:00",178,3419710440747
"2019-04-10 00:00:00",171,10357574760305
"2019-04-11 00:00:00",255,2814653530145
"2019-04-12 00:00:00",218,4844283499644
"2019-04-13 00:00:00",166,5419552757545
"2019-04-14 00:00:00",238,3509753024126
"2019-04-15 00:00:00",156,1497885589306
"2019-04-16 00:00:00",214,2487498842897
"2019-04-17 00:00:00",257,6948925400259
"2019-04-18 00:00:00",243,2704254018626
"2019-04-19 00:00:00",284,4730358966910
"2019-04-20 00:00:00",283,2556042168496
"2019-04-21 00:00:00",227,3475259641069
"2019-04-22 00:00:00",339,7645883054317
"2019-04-23 00:00:00",217,2990911947521
"2019-04-24 00:00:00",169,1420600011145
"2019-04-25 00:00:00",184,3405044653809
"2019-04-26 00:00:00",165,3904916658032
"2019-04-27 00:00:00",206,3662654157601
"2019-04-28 00:00:00",196,3487368500869
"2019-04-29 00:00:00",351,6116493531988
"2019-04-30 00:00:00",305,4458491280894
"2019-05-01 00:00:00",204,5891532661519
"2019-05-02 00:00:00",182,1841077656008
"2019-05-03 00:00:00",235,2249217356380
"2019-05-04 00:00:00",222,2315385687903
"2019-05-05 00:00:00",196,2910952097972
"2019-05-06 00:00:00",206,1967847592873
"2019-05-07 00:00:00",169,2710910180688
"2019-05-08 00:00:00",201,2313778769357
"2019-05-09 00:00:00",204,3938279901413
"2019-05-10 00:00:00",300,7103542181070
"2019-05-11 00:00:00",263,2903207557000
"2019-05-12 00:00:00",314,4791760478117
"2019-05-13 00:00:00",300,1716492779755
"2019-05-14 00:00:00",245,4285700697927
"2019-05-15 00:00:00",318,2765388024817
"2019-05-16 00:00:00",180,2715036753138
"2019-05-17 00:00:00",201,1973561925024
"2019-05-18 00:00:00",223,1645110761600
"2019-05-19 00:00:00",199,2430560371004
"2019-05-20 00:00:00",352,3637774330010
"2019-05-21 00:00:00",175,1841581734132
"2019-05-22 00:00:00",196,2769501054246
"2019-05-23 00:00:00",195,3484358711857
"2019-05-24 00:00:00",202,1648843092869
"2019-05-25 00:00:00",239,4028478770275
"2019-05-26 00:00:00",270,3374703297014
"2019-05-27 00:00:00",361,3538750994714
"2019-05-28 00:00:00",181,2933297868761
"2019-05-29 00:00:00",265,1711992516047
"2019-05-30 00:00:00",509,6757480188568
"2019-05-31 00:00:00",1196,6448981573707
"2019-06-01 00:00:00",230,6927604802437
"2019-06-02 00:00:00",200,3605282924713
"2019-06-03 00:00:00",151,2680992849863
"2019-06-04 00:00:00",202,2749572951291
"2019-06-05 00:00:00",236,4896963861669
"2019-06-06 00:00:00",232,2224553603993
"2019-06-07 00:00:00",257,4953254176363
"2019-06-08 00:00:00",213,4146588047997
"2019-06-09 00:00:00",181,9828874547014
"2019-06-10 00:00:00",351,7843461751745
"2019-06-11 00:00:00",210,3781052818074
"2019-06-12 00:00:00",228,4140934314734
"2019-06-13 00:00:00",275,5109429300274
"2019-06-14 00:00:00",284,7494040990577
"2019-06-15 00:00:00",195,5221986675968
"2019-06-16 00:00:00",193,4367040531644
"2019-06-17 00:00:00",312,8376546153965
"2019-06-18 00:00:00",275,3902909992037
"2019-06-19 00:00:00",310,2951791753628
"2019-06-20 00:00:00",188,4782990935724
"2019-06-21 00:00:00",161,4882001690444
"2019-06-22 00:00:00",176,5076738584946
"2019-06-23 00:00:00",419,2665593716636
"2019-06-24 00:00:00",256,3553966712129
"2019-06-25 00:00:00",195,2624961383057
"2019-06-26 00:00:00",214,2903028842433
"2019-06-27 00:00:00",158,1908297418115
"2019-06-28 00:00:00",196,2055941091713
"2019-06-29 00:00:00",160,2912275841480
"2019-06-30 00:00:00",175,1661911330117
"2019-07-01 00:00:00",171,4687798690120
"2019-07-02 00:00:00",194,2715172111077
"2019-07-03 00:00:00",211,4223157705985
"2019-07-04 00:00:00",243,9629243669610
"2019-07-05 00:00:00",187,4831578609463
"2019-07-06 00:00:00",196,3598688869123
"2019-07-07 00:00:00",231,5591743020693
"2019-07-08 00:00:00",283,4012191287279
"2019-07-09 00:00:00",210,10549746246905
"2019-07-10 00:00:00",267,3565811124508
"2019-07-11 00:00:00",219,5732632219164
"2019-07-12 00:00:00",170,3073447215942
"2019-07-13 00:00:00",183,4454704400504
"2019-07-14 00:00:00",184,4627670446058
"2019-07-15 00:00:00",180,7213011698384
"2019-07-16 00:00:00",223,2546697945024
"2019-07-17 00:00:00",185,5575897956644
"2019-07-18 00:00:00",205,2831643369053
"2019-07-19 00:00:00",179,4587013229581
"2019-07-20 00:00:00",237,3325331004020
"2019-07-21 00:00:00",195,5598064305864
"2019-07-22 00:00:00",148,1124956555582
"2019-07-23 00:00:00",184,3513009213950
"2019-07-24 00:00:00",243,4097287288408
"2019-07-25 00:00:00",201,3154723462113
"2019-07-26 00:00:00",291,4382328395010
"2019-07-27 00:00:00",156,1934029079009
"2019-07-28 00:00:00",152,7496449570686
"2019-07-29 00:00:00",186,5380367858551
"2019-07-30 00:00:00",244,9676894266396
"2019-07-31 00:00:00",273,5022183197015
"2019-08-01 00:00:00",222,5624746381299
"2019-08-02 00:00:00",244,2836346522413
"2019-08-03 00:00:00",232,1398140586142
"2019-08-04 00:00:00",228,3698682263706
"2019-08-05 00:00:00",225,4789011935087
"2019-08-06 00:00:00",213,3393667591154
"2019-08-07 00:00:00",235,4158218096338
"2019-08-08 00:00:00",166,2983518407370
"2019-08-09 00:00:00",210,2849219294862
"2019-08-10 00:00:00",159,2660251025026
"2019-08-11 00:00:00",212,4352241143800
"2019-08-12 00:00:00",246,3237663206601
"2019-08-13 00:00:00",173,1830897367102
"2019-08-14 00:00:00",187,3436786996613
"2019-08-15 00:00:00",191,4066579352742
"2019-08-16 00:00:00",165,1943040589051
"2019-08-17 00:00:00",232,6085913826422
"2019-08-18 00:00:00",205,4557255682561
"2019-08-19 00:00:00",241,1982162807331
"2019-08-20 00:00:00",265,5340682164330
"2019-08-21 00:00:00",331,6090802926425
"2019-08-22 00:00:00",357,5204907633524
"2019-08-23 00:00:00",390,3668716562569
"2019-08-24 00:00:00",375,4010209695316
"2019-08-25 00:00:00",367,3718156616868
"2019-08-26 00:00:00",311,4388400093304
"2019-08-27 00:00:00",294,2579048387614
"2019-08-28 00:00:00",299,4106902099098
"2019-08-29 00:00:00",295,2087558072361
"2019-08-30 00:00:00",542,3393757001181
"2019-08-31 00:00:00",608,5327198128182
"2019-09-01 00:00:00",1541,3181551542752
"2019-09-02 00:00:00",543,3673994922260
"2019-09-03 00:00:00",320,4566638379053
"2019-09-04 00:00:00",313,3368915966422
"2019-09-05 00:00:00",418,4277356689965
"2019-09-06 00:00:00",378,4508070274466
"2019-09-07 00:00:00",366,3031884874164
"2019-09-08 00:00:00",329,3329387971899
"2019-09-09 00:00:00",427,5267349996257
"2019-09-10 00:00:00",1514,4288889315832
"2019-09-11 00:00:00",582,3514817161514
"2019-09-12 00:00:00",781,7213817379141
"2019-09-13 00:00:00",537,3175719206844
"2019-09-14 00:00:00",854,3120628266753
"2019-09-15 00:00:00",915,7354142585217
"2019-09-16 00:00:00",971,4680911101783
"2019-09-17 00:00:00",946,5726826932980
"2019-09-18 00:00:00",526,4492382913464
"2019-09-19 00:00:00",594,5349414758753
"2019-09-20 00:00:00",716,4779272888812
"2019-09-21 00:00:00",926,7252189532734
"2019-09-22 00:00:00",722,7232909601217
"2019-09-23 00:00:00",668,10150029054091
"2019-09-24 00:00:00",608,7948655410301
"2019-09-25 00:00:00",536,6355908327428
"2019-09-26 00:00:00",388,7982023467803
"2019-09-27 00:00:00",348,5833126751426
"2019-09-28 00:00:00",300,3987462103510
"2019-09-29 00:00:00",331,9249267171444
"2019-09-30 00:00:00",337,7311281124742
"2019-10-01 00:00:00",299,2637813489856
"2019-10-02 00:00:00",349,3415833897937
"2019-10-03 00:00:00",277,3276652460471
"2019-10-04 00:00:00",326,6564503238585
"2019-10-05 00:00:00",291,4207188602621
"2019-10-06 00:00:00",289,6983183634037
"2019-10-07 00:00:00",438,9135647673788
"2019-10-08 00:00:00",357,3384887440479
"2019-10-09 00:00:00",339,8773306491426
"2019-10-10 00:00:00",351,5415132933919
"2019-10-11 00:00:00",366,6264162261529
"2019-10-12 00:00:00",341,4185153523134
"2019-10-13 00:00:00",389,5544693114335
"2019-10-14 00:00:00",445,6344982169362
"2019-10-15 00:00:00",505,5549912422080
"2019-10-16 00:00:00",441,16614590158633
"2019-10-17 00:00:00",388,8053836245613
"2019-10-18 00:00:00",392,5936891435839
"2019-10-19 00:00:00",274,2302028002171
"2019-10-20 00:00:00",352,7960189756002
"2019-10-21 00:00:00",348,11093213427396
"2019-10-22 00:00:00",336,6756369878352
"2019-10-23 00:00:00",492,6732857169129
"2019-10-24 00:00:00",392,4509899846792
"2019-10-25 00:00:00",319,4943723738115
"2019-10-26 00:00:00",373,7402629647848
"2019-10-27 00:00:00",432,4831841214992
"2019-10-28 00:00:00",342,4270271601765
"2019-10-29 00:00:00",539,6092351950760
"2019-10-30 00:00:00",514,5075830078689
"2019-10-31 00:00:00",373,7441580148691
"2019-11-01 00:00:00",420,3475142261690
"2019-11-02 00:00:00",380,5469698180385
"2019-11-03 00:00:00",429,4206148270969
"2019-11-04 00:00:00",492,6195489576090
"2019-11-05 00:00:00",359,4838068016991
"2019-11-06 00:00:00",344,10002480390123
"2019-11-07 00:00:00",364,6163319222690
"2019-11-08 00:00:00",354,5897422698631
"2019-11-09 00:00:00",401,4487677331623
"2019-11-10 00:00:00",382,5045164976573
"2019-11-11 00:00:00",348,4699901020454
"2019-11-12 00:00:00",361,13284424684836
"2019-11-13 00:00:00",383,9843934008230
"2019-11-14 00:00:00",350,5937442107663
"2019-11-15 00:00:00",361,6747575319683
"2019-11-16 00:00:00",827,9279153180595
"2019-11-17 00:00:00",378,7054336530796
"2019-11-18 00:00:00",353,5949742401404
"2019-11-19 00:00:00",359,5316594486549
"2019-11-20 00:00:00",1319,6260813858017
"2019-11-21 00:00:00",363,5153719820578
"2019-11-22 00:00:00",337,4372912282806
"2019-11-23 00:00:00",328,4712612697948
"2019-11-24 00:00:00",333,4139854244379
"2019-11-25 00:00:00",327,7955445776979
"2019-11-26 00:00:00",439,4364522116864
"2019-11-27 00:00:00",405,3556725319655
"2019-11-28 00:00:00",393,3741274252462
"2019-11-29 00:00:00",347,7957140391978
"2019-11-30 00:00:00",329,3026419620998
"2019-12-01 00:00:00",333,4086798791415
"2019-12-02 00:00:00",293,5875184729456
"2019-12-03 00:00:00",440,7999065111448
"2019-12-04 00:00:00",481,10356121349667
"2019-12-05 00:00:00",506,8267063250928
"2019-12-06 00:00:00",505,6561848924180
"2019-12-07 00:00:00",618,12467305857222
"2019-12-08 00:00:00",401,6541443471759
"2019-12-09 00:00:00",423,6912906773901
"2019-12-10 00:00:00",538,6908363996976
"2019-12-11 00:00:00",503,10522206558755
"2019-12-12 00:00:00",381,9090603155486
"2019-12-13 00:00:00",488,9681306156501
"2019-12-14 00:00:00",529,6457414304028
"2019-12-15 00:00:00",407,4364553915260
"2019-12-16 00:00:00",423,4931555472094
"2019-12-17 00:00:00",445,5125365684117
"2019-12-18 00:00:00",384,6336570698737
"2019-12-19 00:00:00",368,3882571874561
"2019-12-20 00:00:00",372,4490041150286
"2019-12-21 00:00:00",307,4365256594768
"2019-12-22 00:00:00",303,3997248423437
"2019-12-23 00:00:00",309,5345500401875
"2019-12-24 00:00:00",360,3503035142986
"2019-12-25 00:00:00",273,4161737510888
"2019-12-26 00:00:00",364,4309133549196
"2019-12-27 00:00:00",328,5432063754974
"2019-12-28 00:00:00",311,4795970480837
"2019-12-29 00:00:00",320,3341448512635
"2019-12-30 00:00:00",358,5989960356099
"2019-12-31 00:00:00",384,4240730426424
"2020-01-01 00:00:00",281,6258655678790
"2020-01-02 00:00:00",394,4781379704140
"2020-01-03 00:00:00",376,5825504242989
"2020-01-04 00:00:00",300,3246115367009
"2020-01-05 00:00:00",366,3486942465112
"2020-01-06 00:00:00",471,4152657927061
"2020-01-07 00:00:00",435,4123987066422
"2020-01-08 00:00:00",490,4782827482635
"2020-01-09 00:00:00",441,4465043410876
"2020-01-10 00:00:00",455,3356406226254
"2020-01-11 00:00:00",543,6083856264173
"2020-01-12 00:00:00",493,5932795868823
"2020-01-13 00:00:00",656,5677613153949
"2020-01-14 00:00:00",645,8268029620866
"2020-01-15 00:00:00",575,8699511180145
"2020-01-16 00:00:00",450,4143304139568
"2020-01-17 00:00:00",461,6403848277280
"2020-01-18 00:00:00",407,3106643615365
"2020-01-19 00:00:00",381,5518963564710
"2020-01-20 00:00:00",365,4671584160443
"2020-01-21 00:00:00",422,10769363508015
"2020-01-22 00:00:00",380,6646629490797
"2020-01-23 00:00:00",390,6974474519821
"2020-01-24 00:00:00",511,4049019053383
"2020-01-25 00:00:00",361,6517890111236
"2020-01-26 00:00:00",323,6333722819470
"2020-01-27 00:00:00",434,6110734375867
"2020-01-28 00:00:00",396,9194101898608
"2020-01-29 00:00:00",403,9879220701665
"2020-01-30 00:00:00",390,11622753865620
"2020-01-31 00:00:00",353,12810741623686
"2020-02-01 00:00:00",293,3737577067909
"2020-02-02 00:00:00",300,6335256669138
"2020-02-03 00:00:00",387,5034508565069
"2020-02-04 00:00:00",381,6071936419285
"2020-02-05 00:00:00",411,4681186751456
"2020-02-06 00:00:00",401,7986044828730
"2020-02-07 00:00:00",303,4229455477965
"2020-02-08 00:00:00",333,5319751503163
"2020-02-09 00:00:00",330,3313063685187
"2020-02-10 00:00:00",338,4999821373724
"2020-02-11 00:00:00",285,3755691272583
"2020-02-12 00:00:00",651,6573499574043
"2020-02-13 00:00:00",443,6647875740755
"2020-02-14 00:00:00",327,5363096312992
"2020-02-15 00:00:00",299,4155472242300
"2020-02-16 00:00:00",321,4519397421329
"2020-02-17 00:00:00",461,6257622619738
"2020-02-18 00:00:00",373,3665280334265
"2020-02-19 00:00:00",387,6219619050142
"2020-02-20 00:00:00",326,5341912035796
"2020-02-21 00:00:00",312,3967390098596
"2020-02-22 00:00:00",392,5488584646047
"2020-02-23 00:00:00",324,3904267834076
"2020-02-24 00:00:00",390,5283763341767
"2020-02-25 00:00:00",443,7409249152566
"2020-02-26 00:00:00",435,6585415683303
"2020-02-27 00:00:00",328,9806671408979
"2020-02-28 00:00:00",320,5487098350990
"2020-02-29 00:00:00",360,7563026681651
"2020-03-01 00:00:00",310,4504149877146
"2020-03-02 00:00:00",368,5435263481905
"2020-03-03 00:00:00",363,6068568299690
"2020-03-04 00:00:00",387,5707688207687
"2020-03-05 00:00:00",383,8381284639532
"2020-03-06 00:00:00",326,7344408829053
"2020-03-07 00:00:00",284,4654202140628
"2020-03-08 00:00:00",310,6626722714373
"2020-03-09 00:00:00",366,4594122202766
"2020-03-10 00:00:00",308,3992019810545
"2020-03-11 00:00:00",273,6478838917476
"2020-03-12 00:00:00",217,3874112581679
"2020-03-13 00:00:00",321,4854617383271
"2020-03-14 00:00:00",435,5441146174163
"2020-03-15 00:00:00",397,3504041044824
"2020-03-16 00:00:00",380,4906683138111
"2020-03-17 00:00:00",411,6542749983271
"2020-03-18 00:00:00",378,8172392567647
"2020-03-19 00:00:00",342,3520373568558
"2020-03-20 00:00:00",386,6667521500555
"2020-03-21 00:00:00",382,4733183716255
"2020-03-22 00:00:00",348,6167663968159
"2020-03-23 00:00:00",425,3890424178263
"2020-03-24 00:00:00",493,4200466647966
"2020-03-25 00:00:00",339,4731276127940
"2020-03-26 00:00:00",413,6584745077779
"2020-03-27 00:00:00",334,5994269040801
"2020-03-28 00:00:00",347,3740372171532
"2020-03-29 00:00:00",379,6262785491369
"2020-03-30 00:00:00",397,7275322142254
"2020-03-31 00:00:00",432,3471477005180
"2020-04-01 00:00:00",514,5716675233798
"2020-04-02 00:00:00",498,5789581642936
"2020-04-03 00:00:00",375,8523904078181
"2020-04-04 00:00:00",393,2467928513054
"2020-04-05 00:00:00",649,6402678217095
"2020-04-06 00:00:00",493,8891874147379
"2020-04-07 00:00:00",420,9019738657050
"2020-04-08 00:00:00",418,3884538862995
"2020-04-09 00:00:00",437,5182712085800
"2020-04-10 00:00:00",492,5862747968532
"2020-04-11 00:00:00",492,7093749099416
"2020-04-12 00:00:00",343,4642114730472
"2020-04-13 00:00:00",481,5499432780345
"2020-04-14 00:00:00",515,7341535784020
"2020-04-15 00:00:00",376,8361911740133
"2020-04-16 00:00:00",408,7425287785786
"2020-04-17 00:00:00",482,11584114019182
"2020-04-18 00:00:00",439,6635502343530
"2020-04-19 00:00:00",390,8978315341981
"2020-04-20 00:00:00",505,9762642899211
"2020-04-21 00:00:00",452,9944954766853
"2020-04-22 00:00:00",428,9270644709690
"2020-04-23 00:00:00",524,9483584330273
"2020-04-24 00:00:00",347,5488708240220
"2020-04-25 00:00:00",537,10753588202715
"2020-04-26 00:00:00",431,9091620891753
"2020-04-27 00:00:00",455,5766153236474
"2020-04-28 00:00:00",387,7048684913877
"2020-04-29 00:00:00",401,5971733933063
"2020-04-30 00:00:00",365,10819380448224
"2020-05-01 00:00:00",364,4088540008385
"2020-05-02 00:00:00",418,5230853761219
"2020-05-03 00:00:00",341,6423577434844
"2020-05-04 00:00:00",432,7836635751427
"2020-05-05 00:00:00",365,6371837107820
"2020-05-06 00:00:00",370,5611801619246
"2020-05-07 00:00:00",340,7508032622146
"2020-05-08 00:00:00",427,8969615238751
"2020-05-09 00:00:00",457,7214447358672
"2020-05-10 00:00:00",393,8638065180259
"2020-05-11 00:00:00",332,11897133484812
"2020-05-12 00:00:00",485,8605686389164
"2020-05-13 00:00:00",508,21881126981759
"2020-05-14 00:00:00",484,6096289556990
"2020-05-15 00:00:00",454,10832182030393
"2020-05-16 00:00:00",282,8289798404203
"2020-05-17 00:00:00",441,6837962364637
"2020-05-18 00:00:00",414,10754952846946
"2020-05-19 00:00:00",693,5948542157167
"2020-05-20 00:00:00",490,6295617146155
"2020-05-21 00:00:00",403,7845324573016
"2020-05-22 00:00:00",335,5578818830152
"2020-05-23 00:00:00",511,10366101838945
"2020-05-24 00:00:00",368,9746770384424
"2020-05-25 00:00:00",481,7197878796085
"2020-05-26 00:00:00",574,6326265262062
"2020-05-27 00:00:00",385,5652280517083
"2020-05-28 00:00:00",467,5998871281349
"2020-05-29 00:00:00",439,8064206562915
"2020-05-30 00:00:00",350,10221488834956
"2020-05-31 00:00:00",357,13064408889420
"2020-06-01 00:00:00",320,5322403964572
"2020-06-02 00:00:00",314,5342691534225
"2020-06-03 00:00:00",345,5877809184434
"2020-06-04 00:00:00",557,10783515962268
"2020-06-05 00:00:00",319,16573693743681
"2020-06-06 00:00:00",331,5145185169373
"2020-06-07 00:00:00",370,5554510683282
"2020-06-08 00:00:00",401,7453426960765
"2020-06-09 00:00:00",334,5889264170657
"2020-06-10 00:00:00",339,5022238493923
"2020-06-11 00:00:00",338,7124029447887
"2020-06-12 00:00:00",321,4075404076445
"2020-06-13 00:00:00",343,4584374095703
"2020-06-14 00:00:00",286,4042992011371
"2020-06-15 00:00:00",269,3359665119307
"2020-06-16 00:00:00",354,13391833989123
"2020-06-17 00:00:00",317,6321787268988
"2020-06-18 00:00:00",316,8680864874143
"2020-06-19 00:00:00",325,6653048450028
"2020-06-20 00:00:00",397,3355266084456
"2020-06-21 00:00:00",294,5579036461307
"2020-06-22 00:00:00",268,4455460182202
"2020-06-23 00:00:00",296,3167314383567
"2020-06-24 00:00:00",291,7005536109129
"2020-06-25 00:00:00",324,6970539348211
"2020-06-26 00:00:00",349,6819733758366
"2020-06-27 00:00:00",265,3888073849451
"2020-06-28 00:00:00",285,3041534485373
"2020-06-29 00:00:00",308,7686970613382
"2020-06-30 00:00:00",440,8237700298919
"2020-07-01 00:00:00",388,5516360899681
"2020-07-02 00:00:00",438,8864787030947
"2020-07-03 00:00:00",321,6761068998494
"2020-07-04 00:00:00",340,9292145727007
"2020-07-05 00:00:00",384,10979798466005
"2020-07-06 00:00:00",409,9693924074080
"2020-07-07 00:00:00",371,3230590137366
"2020-07-08 00:00:00",362,5946574915812
"2020-07-09 00:00:00",319,5297724709337
"2020-07-10 00:00:00",324,8137290270515
"2020-07-11 00:00:00",358,4353336838611
"2020-07-12 00:00:00",260,4483055757911
"2020-07-13 00:00:00",381,7272105715460
"2020-07-14 00:00:00",628,9162835032509
"2020-07-15 00:00:00",460,8218360273191
"2020-07-16 00:00:00",385,8405544322878
"2020-07-17 00:00:00",398,9180376945884
"2020-07-18 00:00:00",391,4554578305117
"2020-07-19 00:00:00",379,5901073458621
"2020-07-20 00:00:00",348,5725244549953
"2020-07-21 00:00:00",375,5283348689449
"2020-07-22 00:00:00",349,7241858170912
"2020-07-23 00:00:00",472,4024132551402
"2020-07-24 00:00:00",396,7785634966571
"2020-07-25 00:00:00",300,10541938399997
"2020-07-26 00:00:00",323,4025442005597
"2020-07-27 00:00:00",388,6964664317621
"2020-07-28 00:00:00",357,7678521976904
"2020-07-29 00:00:00",341,4516850289810
"2020-07-30 00:00:00",368,7396008534071
"2020-07-31 00:00:00",400,3787127840719
"2020-08-01 00:00:00",456,6085092937888
"2020-08-02 00:00:00",420,4805034556495
"2020-08-03 00:00:00",441,4325978126171
"2020-08-04 00:00:00",502,6389413072356
"2020-08-05 00:00:00",337,5305097661235
"2020-08-06 00:00:00",369,7186076146150
"2020-08-07 00:00:00",387,9567148338968
"2020-08-08 00:00:00",359,5644106112514
"2020-08-09 00:00:00",368,7655812572145
"2020-08-10 00:00:00",350,6812464643714
"2020-08-11 00:00:00",336,4177517304158
"2020-08-12 00:00:00",330,6919679054278
"2020-08-13 00:00:00",568,4365161993952
"2020-08-14 00:00:00",688,5053708933145
"2020-08-15 00:00:00",546,6925815084099
"2020-08-16 00:00:00",434,4502576903302
"2020-08-17 00:00:00",543,6085394611948
"2020-08-18 00:00:00",507,6399052002567
"2020-08-19 00:00:00",785,7657900992927
"2020-08-20 00:00:00",786,5043806872126
"2020-08-21 00:00:00",962,14174429438364
"2020-08-22 00:00:00",791,6620138918575
"2020-08-23 00:00:00",830,9002233673204
"2020-08-24 00:00:00",806,8702596092133
"2020-08-25 00:00:00",789,7247002258381
"2020-08-26 00:00:00",1538,8198755446718
"2020-08-27 00:00:00",565,9765312524614
"2020-08-28 00:00:00",516,5849447204607
"2020-08-29 00:00:00",539,5543687236637
"2020-08-30 00:00:00",622,8883142606338
"2020-08-31 00:00:00",661,7475473507622
"2020-09-01 00:00:00",806,18993751496943
"2020-09-02 00:00:00",782,9661259528033
"2020-09-03 00:00:00",662,6401563907051
"2020-09-04 00:00:00",665,10320238835470
"2020-09-05 00:00:00",625,7209516894105
"2020-09-06 00:00:00",714,8085934104100
"2020-09-07 00:00:00",721,5473818931304
"2020-09-08 00:00:00",808,9757796116259
"2020-09-09 00:00:00",750,9174831780791
"2020-09-10 00:00:00",859,7413833888295
"2020-09-11 00:00:00",904,10396916092839
"2020-09-12 00:00:00",634,14232709549088
"2020-09-13 00:00:00",651,10595913647280
"2020-09-14 00:00:00",623,8737823644503
"2020-09-15 00:00:00",610,6452941339516
"2020-09-16 00:00:00",729,7880554405658
"2020-09-17 00:00:00",848,8591055972760
"2020-09-18 00:00:00",578,4131297909331
"2020-09-19 00:00:00",544,8002298018090
"2020-09-20 00:00:00",544,3651542635322
"2020-09-21 00:00:00",735,9050883265529
"2020-09-22 00:00:00",657,8528336396487
"2020-09-23 00:00:00",656,5894903265351
"2020-09-24 00:00:00",764,8277328030975
"2020-09-25 00:00:00",610,6384971627611
"2020-09-26 00:00:00",660,3794500445110
"2020-09-27 00:00:00",552,5081530849250
"2020-09-28 00:00:00",534,7123984970280
"2020-09-29 00:00:00",702,6167026128661
"2020-09-30 00:00:00",667,11927846461026
"2020-10-01 00:00:00",440,8850715949276
"2020-10-02 00:00:00",442,4223571897767
"2020-10-03 00:00:00",508,2848840862998
"2020-10-04 00:00:00",398,4186551254119
"2020-10-05 00:00:00",434,4374355257427
"2020-10-06 00:00:00",513,7732949132880
"2020-10-07 00:00:00",487,4562451603683
"2020-10-08 00:00:00",506,7158265869266
"2020-10-09 00:00:00",615,5581913883113
"2020-10-10 00:00:00",571,4300113298739
"2020-10-11 00:00:00",543,5405553360072
"2020-10-12 00:00:00",621,7515272440613
"2020-10-13 00:00:00",567,15396760351469
"2020-10-14 00:00:00",624,9401277930846
"2020-10-15 00:00:00",819,8710855887828
"2020-10-16 00:00:00",772,9525483507194
"2020-10-17 00:00:00",548,6495325372978
"2020-10-18 00:00:00",460,11348452509105
"2020-10-19 00:00:00",573,9154012409628
"2020-10-20 00:00:00",602,6246482562091
"2020-10-21 00:00:00",554,5382662020439
"2020-10-22 00:00:00",516,12658471724589
"2020-10-23 00:00:00",1993,8333443903272
"2020-10-24 00:00:00",453,4990146682066
"2020-10-25 00:00:00",586,9799321988804
"2020-10-26 00:00:00",573,6397013792222
"2020-10-27 00:00:00",619,8196220076219
"2020-10-28 00:00:00",738,8351360614263
"2020-10-29 00:00:00",614,9902355823856
"2020-10-30 00:00:00",543,11671128955311
"2020-10-31 00:00:00",713,6605405784131
"2020-11-01 00:00:00",621,8851056146936
"2020-11-02 00:00:00",625,6814103749152
"2020-11-03 00:00:00",540,5650175213876
"2020-11-04 00:00:00",620,9567124791173
"2020-11-05 00:00:00",454,6981510854409
"2020-11-06 00:00:00",420,4985634043675
"2020-11-07 00:00:00",423,7857286163483
"2020-11-08 00:00:00",604,9502960012613
"2020-11-09 00:00:00",894,8296471684775
"2020-11-10 00:00:00",808,9380414644845
"2020-11-11 00:00:00",677,7148610412576
"2020-11-12 00:00:00",615,6926015981153
"2020-11-13 00:00:00",593,5114458544654
"2020-11-14 00:00:00",603,6491613463559
"2020-11-15 00:00:00",573,8272171977982
"2020-11-16 00:00:00",522,10086644755176
"2020-11-17 00:00:00",710,9462815340064
"2020-11-18 00:00:00",500,6408051992999
"2020-11-19 00:00:00",555,7827846909288
"2020-11-20 00:00:00",547,7277427339760
"2020-11-21 00:00:00",507,3196372046325
"2020-11-22 00:00:00",565,9410507827130
"2020-11-23 00:00:00",613,10045598351833
"2020-11-24 00:00:00",640,7600529319995
"2020-11-25 00:00:00",689,6393565153380
"2020-11-26 00:00:00",724,10326583610635
"2020-11-27 00:00:00",693,6213335516587
"2020-11-28 00:00:00",588,6398430015925
"2020-11-29 00:00:00",754,9275084206416
"2020-11-30 00:00:00",920,9519497438316
"2020-12-01 00:00:00",641,9186407406373
"2020-12-02 00:00:00",959,12863533654893
"2020-12-03 00:00:00",1088,9411809407198
"2020-12-04 00:00:00",938,7992535863154
"2020-12-05 00:00:00",848,6930653506191
"2020-12-06 00:00:00",845,9704262991460
"2020-12-07 00:00:00",837,13749812081357
"2020-12-08 00:00:00",754,15042462609331
"2020-12-09 00:00:00",575,11663107517401
"2020-12-10 00:00:00",615,7868292809722
"2020-12-11 00:00:00",542,8064592242803
"2020-12-12 00:00:00",488,9289595418178
"2020-12-13 00:00:00",474,3196773551887
"2020-12-14 00:00:00",911,11863056932607
"2020-12-15 00:00:00",1117,11645404104635
"2020-12-16 00:00:00",1124,14883120780865
"2020-12-17 00:00:00",949,13379856646647
"2020-12-18 00:00:00",658,6766114149767
"2020-12-19 00:00:00",752,6432479490428
"2020-12-20 00:00:00",821,10223027343091
"2020-12-21 00:00:00",590,8922043678917
"2020-12-22 00:00:00",697,7913804485487
"2020-12-23 00:00:00",512,5481069601725
"2020-12-24 00:00:00",571,3822276637327
"2020-12-25 00:00:00",488,6436517678416
"2020-12-26 00:00:00",721,3774342472115
"2020-12-27 00:00:00",740,6387526197945
"2020-12-28 00:00:00",532,5013621559689
"2020-12-29 00:00:00",549,13805012900318
"2020-12-30 00:00:00",603,6992915787314
"2020-12-31 00:00:00",629,3812855351685
"2021-01-01 00:00:00",599,8101359948505
"2021-01-02 00:00:00",634,4189844837508
"2021-01-03 00:00:00",549,8580694765880
"2021-01-04 00:00:00",599,6375696834702
"2021-01-05 00:00:00",596,11341665025374
"2021-01-06 00:00:00",503,5393696282911
"2021-01-07 00:00:00",500,7024923066100
"2021-01-08 00:00:00",520,6566349464650
"2021-01-09 00:00:00",652,5987044045375
"2021-01-10 00:00:00",591,9800771503489
"2021-01-11 00:00:00",745,13354956830796
"2021-01-12 00:00:00",566,6384901798335
"2021-01-13 00:00:00",583,6133180557764
"2021-01-14 00:00:00",717,7454545266185
"2021-01-15 00:00:00",559,7671737896038
"2021-01-16 00:00:00",513,3481455150479
"2021-01-17 00:00:00",468,8323447318925
"2021-01-18 00:00:00",688,7797242917875
"2021-01-19 00:00:00",693,7765687906356
"2021-01-20 00:00:00",665,14680005575500
"2021-01-21 00:00:00",655,9014516988034
"2021-01-22 00:00:00",630,7159449959014
"2021-01-23 00:00:00",626,6894415114129
"2021-01-24 00:00:00",664,6905204687609
"2021-01-25 00:00:00",630,10229818622924
"2021-01-26 00:00:00",589,5591978676522
"2021-01-27 00:00:00",600,4035411416593
"2021-01-28 00:00:00",2861,11387672178364
"2021-01-29 00:00:00",576,10347830103663
"2021-01-30 00:00:00",604,16376885602396
"2021-01-31 00:00:00",653,13172465416699
"2021-02-01 00:00:00",1027,9998546622119
"2021-02-02 00:00:00",830,13488437842130
"2021-02-03 00:00:00",978,11652280967500
"2021-02-04 00:00:00",691,8027268223998
"2021-02-05 00:00:00",768,8989328286061
"2021-02-06 00:00:00",591,9457397014478
"2021-02-07 00:00:00",679,7711195335191
"2021-02-08 00:00:00",591,8897932548444
"2021-02-09 00:00:00",645,12277915144373
"2021-02-10 00:00:00",699,6996858161620
"2021-02-11 00:00:00",597,6769030612279
"2021-02-12 00:00:00",597,5466215282734
"2021-02-13 00:00:00",369,7472146493084
"2021-02-14 00:00:00",471,7204612573567
"2021-02-15 00:00:00",632,11818764971316
"2021-02-16 00:00:00",747,18991112163321
"2021-02-17 00:00:00",834,13673034285617
"2021-02-18 00:00:00",689,11698123782064
"2021-02-19 00:00:00",599,10222710605633
"2021-02-20 00:00:00",611,12865112278411
"2021-02-21 00:00:00",538,10871780942502
"2021-02-22 00:00:00",665,10917149764910
"2021-02-23 00:00:00",931,11393218933954
"2021-02-24 00:00:00",802,11288630622435
"2021-02-25 00:00:00",571,11032586066385
"2021-02-26 00:00:00",590,7367625850736
"2021-02-27 00:00:00",625,8191206017452
"2021-02-28 00:00:00",508,10106276364135
"2021-03-01 00:00:00",545,6480026450809
"2021-03-02 00:00:00",590,7661927352555
"2021-03-03 00:00:00",562,11673001403678
"2021-03-04 00:00:00",532,4700033859575
"2021-03-05 00:00:00",535,7729043685172
"2021-03-06 00:00:00",480,8527793366305
"2021-03-07 00:00:00",572,13639027803195
"2021-03-08 00:00:00",756,9443207152043
"2021-03-09 00:00:00",840,11737673628695
"2021-03-10 00:00:00",773,10408906807048
"2021-03-11 00:00:00",640,10912273032808
"2021-03-12 00:00:00",715,9090333122854
"2021-03-13 00:00:00",772,8628280531711
"2021-03-14 00:00:00",566,8103534493529
"2021-03-15 00:00:00",556,7133880417122
"2021-03-16 00:00:00",730,10455859100674
"2021-03-17 00:00:00",623,8774303805133
"2021-03-18 00:00:00",792,10872295280890
"2021-03-19 00:00:00",3624,8160567451952
"2021-03-20 00:00:00",574,5262786238249
"2021-03-21 00:00:00",535,7758524276047
"2021-03-22 00:00:00",547,9683976713030
"2021-03-23 00:00:00",722,9767117386834
"2021-03-24 00:00:00",727,15693817647077
"2021-03-25 00:00:00",688,11311852028343
"2021-03-26 00:00:00",549,8729407716876
"2021-03-27 00:00:00",640,10037490221985
"2021-03-28 00:00:00",407,6632243614285
"2021-03-29 00:00:00",579,9593316256075
"2021-03-30 00:00:00",584,10591660997551
"2021-03-31 00:00:00",508,6877757010917
"2021-04-01 00:00:00",612,9566457235374
"2021-04-02 00:00:00",496,11476821448462
"2021-04-03 00:00:00",513,14809171537933
"2021-04-04 00:00:00",609,6287484198284
"2021-04-05 00:00:00",755,10939471813580
"2021-04-06 00:00:00",763,13278067447137
"2021-04-07 00:00:00",833,12524790703351
"2021-04-08 00:00:00",559,6737273385290
"2021-04-09 00:00:00",443,5990305058553
"2021-04-10 00:00:00",423,9215491727039
"2021-04-11 00:00:00",508,7730522707285
"2021-04-12 00:00:00",563,8476197416631
"2021-04-13 00:00:00",617,14583571972363
"2021-04-14 00:00:00",493,5822522659092
"2021-04-15 00:00:00",469,11324847469949
"2021-04-16 00:00:00",526,8368419505217
"2021-04-17 00:00:00",444,8749993156467
"2021-04-18 00:00:00",775,12623165560217
"2021-04-19 00:00:00",637,7898833463567
"2021-04-20 00:00:00",795,11945081542678
"2021-04-21 00:00:00",570,7906081355664
"2021-04-22 00:00:00",650,9404654525707
"2021-04-23 00:00:00",444,6954772065113
"2021-04-24 00:00:00",473,5805767595687
"2021-04-25 00:00:00",425,17214266318219
"2021-04-26 00:00:00",489,6010585923953
"2021-04-27 00:00:00",457,5050095498635
"2021-04-28 00:00:00",703,15560542310877
"2021-04-29 00:00:00",523,8843224379789
"2021-04-30 00:00:00",1010,5841056330582
"2021-05-01 00:00:00",497,8304561622306
"2021-05-02 00:00:00",450,10267875477861
"2021-05-03 00:00:00",510,6208351197078
"2021-05-04 00:00:00",464,3811409607177
"2021-05-05 00:00:00",604,4709176018785
"2021-05-06 00:00:00",532,8706333669666
"2021-05-07 00:00:00",593,6705741630048
"2021-05-08 00:00:00",369,9155202052749
"2021-05-09 00:00:00",416,3825532279865
"2021-05-10 00:00:00",493,11854240244849
"2021-05-11 00:00:00",428,7038195026822
"2021-05-12 00:00:00",690,6323354322130
"2021-05-13 00:00:00",489,6867993959903
"2021-05-14 00:00:00",565,6980217890681
"2021-05-15 00:00:00",140,2229074126828
"2021-05-16 00:00:00",610,9015995742012
"2021-05-17 00:00:00",683,10874156143827
"2021-05-18 00:00:00",709,5428989458610
"2021-05-19 00:00:00",1027,6807244081348
"2021-05-20 00:00:00",868,10579342747230
"2021-05-21 00:00:00",751,8955006786621
"2021-05-22 00:00:00",703,6508096714929
"2021-05-23 00:00:00",1305,5146315575604
"2021-05-24 00:00:00",540,4265191170108
"2021-05-25 00:00:00",487,6778007497787
"2021-05-26 00:00:00",502,6839348997327
"2021-05-27 00:00:00",621,6372241051701
"2021-05-28 00:00:00",743,7689261306026
"2021-05-29 00:00:00",532,8139522008713
"2021-05-30 00:00:00",477,5553670037491
"2021-05-31 00:00:00",512,6097019294649
"2021-06-01 00:00:00",501,10250000802796
"2021-06-02 00:00:00",557,6491849629214
"2021-06-03 00:00:00",560,6531951648943
"2021-06-04 00:00:00",525,10107369991499
"2021-06-05 00:00:00",499,7014024430859
"2021-06-06 00:00:00",400,6803960006862
"2021-06-07 00:00:00",584,13589347025092
"2021-06-08 00:00:00",927,7168094661258
"2021-06-09 00:00:00",775,10785063217818
"2021-06-10 00:00:00",1553,10168314920350
"2021-06-11 00:00:00",1333,9545820111724
"2021-06-12 00:00:00",787,8970099659349
"2021-06-13 00:00:00",574,5411619147005
"2021-06-14 00:00:00",839,7346341897639
"2021-06-15 00:00:00",739,7940861982702
"2021-06-16 00:00:00",712,6189745380434
"2021-06-17 00:00:00",757,5025606035892
"2021-06-18 00:00:00",802,9429933695545
"2021-06-19 00:00:00",703,5489075086837
"2021-06-20 00:00:00",576,10137019474738
"2021-06-21 00:00:00",776,13187536690085
"2021-06-22 00:00:00",678,6761943930552
"2021-06-23 00:00:00",978,9943903850414
"2021-06-24 00:00:00",658,8218844580027
"2021-06-25 00:00:00",467,6844462014643
"2021-06-26 00:00:00",527,6802722164717
"2021-06-27 00:00:00",729,5305738478742
"2021-06-28 00:00:00",1019,7624851798770
"2021-06-29 00:00:00",873,7222224664340
"2021-06-30 00:00:00",876,10433089585558
"2021-07-01 00:00:00",721,7256511310397
"2021-07-02 00:00:00",711,6849141196190
"2021-07-03 00:00:00",486,7671058854141
"2021-07-04 00:00:00",693,6209101010845
"2021-07-05 00:00:00",765,8145208482360
"2021-07-06 00:00:00",749,6409349993753
"2021-07-07 00:00:00",651,8409906030855
"2021-07-08 00:00:00",653,7060367064082
"2021-07-09 00:00:00",527,12468465722414
"2021-07-10 00:00:00",571,5409864746036
"2021-07-11 00:00:00",647,6142155282175
"2021-07-12 00:00:00",673,6013865540160
"2021-07-13 00:00:00",632,3208439768507
"2021-07-14 00:00:00",815,11283476182229
"2021-07-15 00:00:00",1096,9719660523115
"2021-07-16 00:00:00",680,6765070466707
"2021-07-17 00:00:00",684,5524412209879
"2021-07-18 00:00:00",648,6507670341965
"2021-07-19 00:00:00",1046,7015102595129
"2021-07-20 00:00:00",791,6601584599870
"2021-07-21 00:00:00",827,8663984070416
"2021-07-22 00:00:00",828,7299454553557
"2021-07-23 00:00:00",775,10040344469986
"2021-07-24 00:00:00",748,5870254235534
"2021-07-25 00:00:00",703,6284073435619
"2021-07-26 00:00:00",888,7718198498735
"2021-07-27 00:00:00",875,6503928140786
"2021-07-28 00:00:00",857,7514188169907
"2021-07-29 00:00:00",846,9221036266636
"2021-07-30 00:00:00",854,6757142001013
"2021-07-31 00:00:00",844,16010491299057
"2021-08-01 00:00:00",739,9024955875420
"2021-08-02 00:00:00",854,13200049096646
"2021-08-03 00:00:00",791,11547707296041
"2021-08-04 00:00:00",770,8097716341438
"2021-08-05 00:00:00",877,13968516511599
"2021-08-06 00:00:00",768,7392406050806
"2021-08-07 00:00:00",544,8382653618975
"2021-08-08 00:00:00",638,10959184008534
"2021-08-09 00:00:00",827,6260238124216
"2021-08-10 00:00:00",968,10917309888906
"2021-08-11 00:00:00",1089,10199439316131
"2021-08-12 00:00:00",1238,8824057488354
"2021-08-13 00:00:00",1143,9225234195680
"2021-08-14 00:00:00",1001,4176733186909
"2021-08-15 00:00:00",942,7977546901492
"2021-08-16 00:00:00",1563,8528132232219
"2021-08-17 00:00:00",999,5062520564269
"2021-08-18 00:00:00",841,8458513797359
"2021-08-19 00:00:00",727,7542269454428
"2021-08-20 00:00:00",989,6288041513221
"2021-08-21 00:00:00",1182,10180521118294
"2021-08-22 00:00:00",942,6518308259269
"2021-08-23 00:00:00",1081,15926970786788
"2021-08-24 00:00:00",1090,12339071990060
"2021-08-25 00:00:00",1042,9173708305006
"2021-08-26 00:00:00",916,7032770994966
"2021-08-27 00:00:00",1280,9151804684308
"2021-08-28 00:00:00",860,10913664868616
"2021-08-29 00:00:00",733,6262140210171
"2021-08-30 00:00:00",1207,9907171687067
"2021-08-31 00:00:00",1270,9648433943192
"2021-09-01 00:00:00",777,7833576105967
"2021-09-02 00:00:00",1330,7929521256445
"2021-09-03 00:00:00",1343,13824559549555
"2021-09-04 00:00:00",1089,7141085822770
"2021-09-05 00:00:00",1119,10120167916956
"2021-09-06 00:00:00",1309,23548504010460
"2021-09-07 00:00:00",1123,8282818903700
"2021-09-08 00:00:00",1102,11309358574533
"2021-09-09 00:00:00",1110,8882062848326
"2021-09-10 00:00:00",1040,6726788896784
"2021-09-11 00:00:00",1048,9767561833682
"2021-09-12 00:00:00",1128,9513325862583
"2021-09-13 00:00:00",988,9132035813974
"2021-09-14 00:00:00",1122,7931123034076
"2021-09-15 00:00:00",1213,7772132071846
"2021-09-16 00:00:00",1084,15466091146042
"2021-09-17 00:00:00",1120,17910142846855
"2021-09-18 00:00:00",1046,9374016179389
"2021-09-19 00:00:00",1171,9437039927269
"2021-09-20 00:00:00",1336,8104293616960
"2021-09-21 00:00:00",1527,20652006154609
"2021-09-22 00:00:00",1094,17716192515802
"2021-09-23 00:00:00",1109,16632773530600
"2021-09-24 00:00:00",998,22204580121246
"2021-09-25 00:00:00",914,11590402386133
"2021-09-26 00:00:00",643,7209309413822
"2021-09-27 00:00:00",867,9048733107789
"2021-09-28 00:00:00",920,11493122403859
"2021-09-29 00:00:00",806,9763496621490
"2021-09-30 00:00:00",1002,17103428544681
"2021-10-01 00:00:00",842,13528495487754
"2021-10-02 00:00:00",823,11013720930261
"2021-10-03 00:00:00",1268,10403163979930
"2021-10-04 00:00:00",1432,12722735531290
"2021-10-05 00:00:00",1792,15431158436607
"2021-10-06 00:00:00",1336,14002116371594
"2021-10-07 00:00:00",989,10138938887759
"2021-10-08 00:00:00",947,10819147877056
"2021-10-09 00:00:00",827,11048686947012
"2021-10-10 00:00:00",660,13137706375367
"2021-10-11 00:00:00",1064,21422391766944
"2021-10-12 00:00:00",967,12854147454650
"2021-10-13 00:00:00",960,14976597836126
"2021-10-14 00:00:00",988,19935161145524
"2021-10-15 00:00:00",929,32180716341212
"2021-10-16 00:00:00",1079,42223541936259
"2021-10-17 00:00:00",862,44105209684601
"2021-10-18 00:00:00",807,28597490978437
"2021-10-19 00:00:00",959,14779410798472
"2021-10-20 00:00:00",1117,28982883814836
"2021-10-21 00:00:00",880,12960493692871
"2021-10-22 00:00:00",809,11413479187682
"2021-10-23 00:00:00",901,7745272737144
"2021-10-24 00:00:00",1048,16421168079057
"2021-10-25 00:00:00",951,14018902555737
"2021-10-26 00:00:00",1077,15617686747539
"2021-10-27 00:00:00",1070,14614281577137
"2021-10-28 00:00:00",1083,16518638887825
"2021-10-29 00:00:00",1059,9717459180271
"2021-10-30 00:00:00",1005,13068398112736
"2021-10-31 00:00:00",1108,9427324586102
"2021-11-01 00:00:00",1204,18820785191639
"2021-11-02 00:00:00",1492,9303305489298
"2021-11-03 00:00:00",1385,19666711915775
"2021-11-04 00:00:00",1081,21143992594408
"2021-11-05 00:00:00",1724,12769996269042
"2021-11-06 00:00:00",1509,13842801489527
"2021-11-07 00:00:00",1266,8213515271349
"2021-11-08 00:00:00",1272,15353887705337
"2021-11-09 00:00:00",1209,13474989327799
"2021-11-10 00:00:00",999,13170189244965
"2021-11-11 00:00:00",1521,12071252389066
"2021-11-12 00:00:00",1142,17942422799769
"2021-11-13 00:00:00",999,7142286855736
"2021-11-14 00:00:00",1388,14975725901774
"2021-11-15 00:00:00",1299,16802768428146
"2021-11-16 00:00:00",1756,14404715962566
"2021-11-17 00:00:00",1989,15989622011184
"2021-11-18 00:00:00",2049,12778913492964
"2021-11-19 00:00:00",1804,10490891718925
"2021-11-20 00:00:00",1468,29600960658304
"2021-11-21 00:00:00",1224,17645451626026
"2021-11-22 00:00:00",1474,20277822125452
"2021-11-23 00:00:00",1316,17637469130417
"2021-11-24 00:00:00",1211,20708805493670
"2021-11-25 00:00:00",1241,11690502747709
"2021-11-26 00:00:00",1323,14453605922759
"2021-11-27 00:00:00",1075,11288834054479
"2021-11-28 00:00:00",1128,6957523291502
"2021-11-29 00:00:00",1834,18188413858935
"2021-11-30 00:00:00",1724,18797881136822
"2021-12-01 00:00:00",1192,14323479914585
"2021-12-02 00:00:00",1174,12988620231764
"2021-12-03 00:00:00",1111,14258099836656
"2021-12-04 00:00:00",1207,13474698280918
"2021-12-05 00:00:00",1095,11944613286254
"2021-12-06 00:00:00",1340,16588402083390
"2021-12-07 00:00:00",1120,15238723787917
"2021-12-08 00:00:00",992,11739150103094
"2021-12-09 00:00:00",848,31952406001234
"2021-12-10 00:00:00",848,12960811512167
"2021-12-11 00:00:00",821,16849884515489
"2021-12-12 00:00:00",684,24740113897334
"2021-12-13 00:00:00",735,12447011684675
"2021-12-14 00:00:00",835,12091307586290
"2021-12-15 00:00:00",1036,21371813648283
"2021-12-16 00:00:00",735,21821075629494
"2021-12-17 00:00:00",653,17760257918717
"2021-12-18 00:00:00",849,18646700847197
"2021-12-19 00:00:00",539,14624622634000
"2021-12-20 00:00:00",846,13064117377636
"2021-12-21 00:00:00",829,14155049588768
"2021-12-22 00:00:00",536,8484482827693
"2021-12-23 00:00:00",529,10517176265849
"2021-12-24 00:00:00",669,11734432542689
"2021-12-25 00:00:00",607,18488512095354
"2021-12-26 00:00:00",473,10286699438341
"2021-12-27 00:00:00",691,10652695937199
"2021-12-28 00:00:00",541,12343283746560
"2021-12-29 00:00:00",501,15169346784024
"2021-12-30 00:00:00",529,17825230685476
"2021-12-31 00:00:00",532,8255922336479
"2022-01-01 00:00:00",544,5856144085559
"2022-01-02 00:00:00",647,15869023418998
"2022-01-03 00:00:00",510,13518212777771
"2022-01-04 00:00:00",696,15961965529809
"2022-01-05 00:00:00",822,18477784821266
"2022-01-06 00:00:00",930,10070323868112
"2022-01-07 00:00:00",713,8202820491018
"2022-01-08 00:00:00",438,13972097374820
"2022-01-09 00:00:00",311,10484220458382
"2022-01-10 00:00:00",411,6237431004373
"2022-01-11 00:00:00",424,11533994873621
"2022-01-12 00:00:00",564,4690639585051
"2022-01-13 00:00:00",655,15740472702737
"2022-01-14 00:00:00",685,14923745640311
"2022-01-15 00:00:00",645,12077091967937
"2022-01-16 00:00:00",684,15307788148073
"2022-01-17 00:00:00",630,9040441486411
"2022-01-18 00:00:00",750,15228517911256
"2022-01-19 00:00:00",873,18085608380629
"2022-01-20 00:00:00",647,8933289284744
"2022-01-21 00:00:00",668,14045604020669
"2022-01-22 00:00:00",775,9266272793251
"2022-01-23 00:00:00",854,6464731698169
"2022-01-24 00:00:00",1198,12276538073374
"2022-01-25 00:00:00",1230,9112195509670
"2022-01-26 00:00:00",902,14079302995218
"2022-01-27 00:00:00",800,10646335224055
"2022-01-28 00:00:00",792,17626433450652
"2022-01-29 00:00:00",811,18449461231841
"2022-01-30 00:00:00",931,25801938521288
"2022-01-31 00:00:00",862,18474338451705
"2022-02-01 00:00:00",1087,16772573149124
"2022-02-02 00:00:00",1454,18201951537569
"2022-02-03 00:00:00",928,14512458505391
"2022-02-04 00:00:00",1014,28041944344755
"2022-02-05 00:00:00",972,10160635833339
"2022-02-06 00:00:00",730,20553677676365
"2022-02-07 00:00:00",777,19106301276958
"2022-02-08 00:00:00",830,11780532354578
"2022-02-09 00:00:00",1476,15873803720420
"2022-02-10 00:00:00",1084,14022652373910
"2022-02-11 00:00:00",778,7319360483685
"2022-02-12 00:00:00",1300,13092498324150
"2022-02-13 00:00:00",1035,16231629384562
"2022-02-14 00:00:00",882,10035669785992
"2022-02-15 00:00:00",1023,19724446470606
"2022-02-16 00:00:00",1503,14855835450782
"2022-02-17 00:00:00",1240,22121540621353
"2022-02-18 00:00:00",943,11866380707601
"2022-02-19 00:00:00",1205,9918866732829
"2022-02-20 00:00:00",999,11361039359571
"2022-02-21 00:00:00",1196,15587517386175
"2022-02-22 00:00:00",1144,12420739017465
"2022-02-23 00:00:00",744,9829405012733
"2022-02-24 00:00:00",934,8133367223288
"2022-02-25 00:00:00",990,18543369994712
"2022-02-26 00:00:00",852,14525314655481
"2022-02-27 00:00:00",837,5952851246048
"2022-02-28 00:00:00",982,10167755168188
"2022-03-01 00:00:00",1538,12487568529014
"2022-03-02 00:00:00",1728,27796139639062
"2022-03-03 00:00:00",1284,13745322215907
"2022-03-04 00:00:00",1117,15770480221076
"2022-03-05 00:00:00",923,10908532723610
"2022-03-06 00:00:00",793,25181055826312
"2022-03-07 00:00:00",857,15828266654616
"2022-03-08 00:00:00",989,21944297025520
"2022-03-09 00:00:00",1322,24788856836831
"2022-03-10 00:00:00",1008,21932289136294
"2022-03-11 00:00:00",1085,13561162005359
"2022-03-12 00:00:00",974,17674636251165
"2022-03-13 00:00:00",730,13267041633743
"2022-03-14 00:00:00",790,10348523515043
"2022-03-15 00:00:00",966,7716252242009
"2022-03-16 00:00:00",876,14220872888943
"2022-03-17 00:00:00",1094,9130480211674
"2022-03-18 00:00:00",1040,11444797620892
"2022-03-19 00:00:00",920,14471863404045
"2022-03-20 00:00:00",820,9990772055095
"2022-03-21 00:00:00",1016,14041719368040
"2022-03-22 00:00:00",1328,19401891258170
"2022-03-23 00:00:00",1017,7928790042702
"2022-03-24 00:00:00",868,9789791452921
"2022-03-25 00:00:00",804,11404619009588
"2022-03-26 00:00:00",1130,6955890366932
"2022-03-27 00:00:00",881,11354523318117
"2022-03-28 00:00:00",1414,13139627532163
"2022-03-29 00:00:00",1674,11281509044203
"2022-03-30 00:00:00",1499,12443209904488
"2022-03-31 00:00:00",1318,11755115644915
"2022-04-01 00:00:00",1152,11652938983962
"2022-04-02 00:00:00",619,10027543597301
"2022-04-03 00:00:00",769,21542846266267
"2022-04-04 00:00:00",804,11304121648196
"2022-04-05 00:00:00",932,22816420076258
"2022-04-06 00:00:00",1294,9452746414665
"2022-04-07 00:00:00",1005,14160386387265
"2022-04-08 00:00:00",1436,16345700571874
"2022-04-09 00:00:00",1520,14245388422390
"2022-04-10 00:00:00",1611,14473096758444
"2022-04-11 00:00:00",2004,15225869479864
"2022-04-12 00:00:00",1872,17180482504094
"2022-04-13 00:00:00",1370,25208236938515
"2022-04-14 00:00:00",1193,15290906036569
"2022-04-15 00:00:00",1227,11745820734593
"2022-04-16 00:00:00",5,48367954275
